v_idx, sample, gene, unitig, mask, mask_degen, haplos, X, X_est, R2, tau
11,0,COG0016,25,1.0,1.0,1,2.275978108108108,4.134626757168976,4.594026840404837,0.1533945824402052
11,1,COG0016,25,1.0,1.0,1,2.7991931081081085,2.4257479753594544,0.5428615491139536,0.14948449699637395
11,2,COG0016,25,1.0,1.0,1,2.9561718918918922,1.7406283740396966,1.686691629737697,0.14833211321857653
11,3,COG0016,25,1.0,1.0,1,0.28776927027027027,0.5560735305606457,0.09785025003094618,0.16927241939692342
11,4,COG0016,25,1.0,1.0,1,0.0,0.586313893805421,0.3687205056992623,0.17171136091511638
11,5,COG0016,25,1.0,1.0,1,0.0,0.5932149867284704,0.3784721205382647,0.17171136091511638
0,0,COG0016,3,1.0,1.0,0,12.217083513513515,7.5400378877188725,23.351812876250424,0.0945800424684534
0,1,COG0016,3,1.0,1.0,0,2.459116621621622,4.853205035809689,6.287488446085948,0.1520137400635295
0,2,COG0016,3,1.0,1.0,0,0.313929,3.142328035642133,8.267431387970015,0.1690525370108956
0,3,COG0016,3,1.0,1.0,0,0.0,1.559196034900387,2.476074560088901,0.17171136091511638
0,4,COG0016,3,1.0,1.0,0,0.0,0.5906440659215776,0.3738270996783735,0.17171136091511638
0,5,COG0016,3,1.0,1.0,0,0.4708935,0.9283545333393859,0.24036574898119775,0.16773954133863686
2,0,COG0016,7,1.0,1.0,0_1,57.13014256756757,58.75437638730951,13.709424302527333,0.012749978728196958
2,1,COG0016,7,1.0,1.0,0_1,39.64191891891892,36.62887679760018,13.89971494344784,0.0268745839798933
2,2,COG0016,7,1.0,1.0,0_1,39.68713783783784,24.57441633308388,230.70840951425782,0.026821309918803646
2,3,COG0016,7,1.0,1.0,0_1,7.57019777027027,10.64098707983566,10.057681883931837,0.11834949519865867
2,4,COG0016,7,1.0,1.0,0_1,3.2959664189189195,5.927069288179303,7.169807396226382,0.14586986765045454
2,5,COG0016,7,1.0,1.0,0_1,8.021700945945947,7.658749678852181,0.4916600475276488,0.11578291787793663
3,0,COG0016,9,1.0,1.0,,2.9300121621621624,0.3604672563665828,8.07901044043256,0.1485234951863696
3,1,COG0016,9,1.0,1.0,,1.2295562702702703,0.21149734729582462,1.5457645977271888,0.16154420929408336
3,2,COG0016,9,1.0,1.0,,0.6016982702702703,0.15175132347143927,0.46475175442893835,0.1666536373758203
3,3,COG0016,9,1.0,1.0,,0.0,0.04849827998527899,0.02956732667544278,0.17171136091511638
3,4,COG0016,9,1.0,1.0,,0.0,0.05110019909459066,0.032454754174042866,0.17171136091511638
3,5,COG0016,9,1.0,1.0,,1.1510750405405406,0.05171281502155542,1.2392538293726085,0.16217368445374364
1,0,COG0016,5,1.0,1.0,0_1,12.661819324324323,11.78920092713484,3.0425541362284907,0.0925879074664017
1,1,COG0016,5,1.0,1.0,0_1,7.4035095945945955,7.363354896007076,0.8434365919984214,0.11931227091791886
1,2,COG0016,5,1.0,1.0,0_1,9.757966891891893,4.9298955852044,23.728283115187644,0.10645135450507597
1,3,COG0016,5,1.0,1.0,0_1,1.8835760405405406,2.1525080496545397,0.1365256062940045,0.1563982875296343
1,4,COG0016,5,1.0,1.0,0_1,0.0,1.1740309933717763,1.422263542959978,0.17171136091511638
1,5,COG0016,5,1.0,1.0,0_1,3.8456435135135134,1.5318562706961765,5.404850959925332,0.14197822440641775
5,0,COG0016,13,1.0,1.0,0,8.528418783783785,7.268882662297053,2.191749669319535,0.11297280650034511
5,1,COG0016,13,1.0,1.0,0,2.5899152702702706,4.690490749891913,4.668009350932876,0.1510356173229767
5,2,COG0016,13,1.0,1.0,0,1.2557180405405404,3.0284448359780445,3.2551370303437612,0.16133495014731486
5,3,COG0016,13,1.0,1.0,0,1.7789330405405406,1.5181210518823893,0.09708451124043008,0.15720979796395132
5,4,COG0016,13,1.0,1.0,0,0.0,0.5562371355563317,0.31658327385830415,0.17171136091511638
5,5,COG0016,13,1.0,1.0,0,0.0,0.890747390093598,0.8063246600275996,0.17171136091511638
4,0,COG0016,11,1.0,1.0,0_1,18.34673891891892,15.246071252203617,10.74901950091457,0.0707130239394854
4,1,COG0016,11,1.0,1.0,0_1,7.472208648648649,9.504763727949637,4.610788616932915,0.1189144662748289
4,2,COG0016,11,1.0,1.0,0_1,4.715892432432432,6.376772683718545,2.9823844675825333,0.13604082858256536
4,3,COG0016,11,1.0,1.0,0_1,1.1628203243243245,2.7612112865177765,2.6115647096591355,0.1620793135067178
4,4,COG0016,11,1.0,1.0,0_1,1.5719623783783787,1.5380049324095533,0.02155741084043799,0.1588280576682997
4,5,COG0016,11,1.0,1.0,0_1,5.512632432432434,1.9873556743560712,12.458264746119006,0.13083600542295656
6,0,COG0016,15,1.0,1.0,1,8.136002432432432,4.441723812722332,13.954773242779408,0.11514260393558978
6,1,COG0016,15,1.0,1.0,1,0.7325010000000001,2.605990214427701,3.6286093505980377,0.1655752082942207
6,2,COG0016,15,1.0,1.0,1,1.8312545405405405,1.8699072656134585,0.06378856612377796,0.15680348537380207
6,3,COG0016,15,1.0,1.0,1,0.0,0.5974659176850825,0.36852007620689353,0.17171136091511638
6,4,COG0016,15,1.0,1.0,1,0.0,0.6297827126022502,0.40491447190966545,0.17171136091511638
6,5,COG0016,15,1.0,1.0,1,2.7468736486486485,0.6372502621967197,4.460198238381189,0.1498706844506691
7,0,COG0016,17,1.0,1.0,0_1,35.093783783783785,30.105847115932235,28.448399739239942,0.032860340042248276
7,1,COG0016,17,1.0,1.0,0_1,9.868594594594596,18.76870171555514,80.74107324101817,0.10588455701170306
7,2,COG0016,17,1.0,1.0,0_1,22.894432432432435,12.59197470176689,106.86389526881374,0.057194581008983926
7,3,COG0016,17,1.0,1.0,0_1,3.537481081081081,5.4524607337562845,3.8565478535447326,0.14414619914443122
7,4,COG0016,17,1.0,1.0,0_1,4.8268432432432435,3.0370408607384163,3.2746737641806996,0.13530302640031014
7,5,COG0016,17,1.0,1.0,0_1,11.339783783783783,3.924356977440762,55.094027027269256,0.0986448622584257
9,0,COG0016,21,1.0,1.0,1,9.365550540540541,4.4596538358258915,24.402362275234886,0.10848806801843866
9,1,COG0016,21,1.0,1.0,1,0.6801795,2.6169702596470996,3.883572426191041,0.1660056918014711
9,2,COG0016,21,1.0,1.0,1,0.0,1.877421338393305,3.5916875002727067,0.17171136091511638
9,3,COG0016,21,1.0,1.0,1,4.76125445945946,0.6004619893452786,17.325777183458438,0.13573866425834108
9,4,COG0016,21,1.0,1.0,1,0.0,0.6318120318282741,0.40719376983097394,0.17171136091511638
9,5,COG0016,21,1.0,1.0,1,0.7848225,0.6396581970778267,0.03100979428380029,0.16514590943967739
10,0,COG0016,23,1.0,1.0,0,3.531706351351352,7.129231671789954,13.561992767988436,0.14418715944747482
10,1,COG0016,23,1.0,1.0,0,5.179830540540541,4.600782788963504,0.5989400403209326,0.1329838748869864
10,2,COG0016,23,1.0,1.0,0,4.447337702702702,2.970231619374594,2.2965503018204085,0.1378444214129045
10,3,COG0016,23,1.0,1.0,0,0.0,1.4894705882937247,2.2488797465447457,0.17171136091511638
10,4,COG0016,23,1.0,1.0,0,0.0,0.5450976647724982,0.3038428744570554,0.17171136091511638
10,5,COG0016,23,1.0,1.0,0,1.7004497702702703,0.873488967836155,0.696670712111814,0.1578213720307992
8,0,COG0016,19,1.0,1.0,0_1,11.933357837837839,15.575285702033241,14.50688835717711,0.0958747672692203
8,1,COG0016,19,1.0,1.0,0_1,6.821981486486487,9.710003852418113,8.864510834781198,0.12273686779030422
8,2,COG0016,19,1.0,1.0,0_1,7.982726216216218,6.514468859738682,2.3996932429691875,0.11600211828713787
8,3,COG0016,19,1.0,1.0,0_1,5.21321972972973,2.820835214513188,5.784870274350678,0.1327667028949948
8,4,COG0016,19,1.0,1.0,0_1,0.0,1.571215681545025,2.4905826339494634,0.17171136091511638
8,5,COG0016,19,1.0,1.0,0_1,2.1585957702702703,2.0302694318825782,0.04947073930447335,0.15428663069192833
12,0,COG0048,3,1.0,1.0,0_1,237.8980510810811,227.1437422814683,280.729556395549,5.9100292054271236e-05
12,1,COG0048,3,1.0,1.0,0_1,166.00415405405406,141.6068157464234,667.1311675408781,0.0003104591777791343
12,2,COG0048,3,1.0,1.0,0_1,93.4577664864865,95.00441045418299,36.908583277527754,0.0031043044368554945
12,3,COG0048,3,1.0,1.0,0_1,59.099802162162156,41.137933469832305,331.99909880516987,0.011754774428658053
12,4,COG0048,3,1.0,1.0,0_1,40.99111527027027,22.91398159013385,330.47213613367774,0.025332856277025192
12,5,COG0048,3,1.0,1.0,0_1,21.369744094594598,29.6086380320637,73.25222972640124,0.061390387033152166
16,0,COG0048,11,1.0,1.0,1,5.650726081081081,4.280150014989612,2.6276359907494884,0.12995561412639114
16,1,COG0048,11,1.0,1.0,1,0.0,2.5111260597250187,6.575332908948465,0.17171136091511638
16,2,COG0048,11,1.0,1.0,1,3.531706351351352,1.8018918560048685,3.1325603378117464,0.14418715944747482
16,3,COG0048,11,1.0,1.0,1,0.0,0.5756463755844468,0.350415383195287,0.17171136091511638
16,4,COG0048,11,1.0,1.0,1,0.0,0.6069489158036947,0.38558691149137725,0.17171136091511638
16,5,COG0048,11,1.0,1.0,1,0.8633057702702702,0.6140935902418192,0.08078228735262168,0.16450416655438257
17,0,COG0048,13,1.0,1.0,0,11.118334054054055,7.502205998040049,14.147483516852992,0.0997000443117575
17,1,COG0048,13,1.0,1.0,0,2.982331621621622,4.834717899051544,3.8474688320619848,0.14814099313823
17,2,COG0048,13,1.0,1.0,0,2.1713391891891893,3.126125520652945,1.107203001416121,0.15418952095981522
17,3,COG0048,13,1.0,1.0,0,0.0,1.5588144145384115,2.4675479749076565,0.17171136091511638
17,4,COG0048,13,1.0,1.0,0,0.0,0.5811473667900201,0.35450066862173496,0.17171136091511638
17,5,COG0048,13,1.0,1.0,0,0.0,0.9216017455802799,0.8720600676856405,0.17171136091511638
14,0,COG0048,7,1.0,1.0,0_1,14.806998783783786,10.861325952085325,19.897570841250698,0.0835871361541912
14,1,COG0048,7,1.0,1.0,0_1,7.717426351351352,6.810552805170941,2.3670396655506183,0.11750598674646169
14,2,COG0048,7,1.0,1.0,0_1,2.459116621621622,4.539897856801307,5.1087976404667454,0.1520137400635295
14,3,COG0048,7,1.0,1.0,0_1,0.0,2.0170226304464394,4.168521543450232,0.17171136091511638
14,4,COG0048,7,1.0,1.0,0_1,1.9882190405405407,1.0518413434671834,0.961252515758379,0.15559122321194666
14,5,COG0048,7,1.0,1.0,0_1,0.0,1.4017398359524869,2.057430262767341,0.17171136091511638
13,0,COG0048,5,1.0,1.0,0_1,31.81366216216216,18.5697393602222,176.97970418018662,0.038059309952174415
13,1,COG0048,5,1.0,1.0,0_1,10.53194864864865,11.57681754130644,1.7611913113172164,0.10255256077635075
13,2,COG0048,5,1.0,1.0,0_1,4.672045945945946,7.766919407445555,9.89192593455075,0.13633357701735735
13,3,COG0048,5,1.0,1.0,0_1,0.0,3.363159797756279,11.391070120055643,0.17171136091511638
13,4,COG0048,5,1.0,1.0,0_1,1.7421256756756756,1.8732924867744893,0.04645570430904161,0.15749630226292366
13,5,COG0048,5,1.0,1.0,0_1,5.127383783783784,2.4206024147707423,7.370445772216201,0.13332576483657738
15,0,COG0048,9,1.0,1.0,,2.275978108108108,1.052564423553631,5.065365614919659,0.1533945824402052
15,1,COG0048,9,1.0,1.0,,2.3021582432432433,0.617550088695211,4.069299515400046,0.15319637416480394
15,2,COG0048,9,1.0,1.0,,0.9679487702702703,0.4431155288751854,0.909756779631854,0.1636526348711496
15,3,COG0048,9,1.0,1.0,,0.0,0.14158682601141548,0.08600741380473029,0.17171136091511638
15,4,COG0048,9,1.0,1.0,,0.0,0.14923730539101543,0.09452059882580416,0.17171136091511638
15,5,COG0048,9,1.0,1.0,,1.5958067702702705,0.1510093508290866,2.161683590499461,0.1586407253720564
18,0,COG0049,3,1.0,1.0,0_1,120.44795945945945,89.36212789105514,991.629357745673,0.0012187950664756977
18,1,COG0049,3,1.0,1.0,0_1,50.62494594594595,55.710595513711,36.88762226023167,0.016740335071415303
18,2,COG0049,3,1.0,1.0,0_1,36.341280405405406,37.376307185167136,6.3703585806991985,0.031087760155920314
18,3,COG0049,3,1.0,1.0,0_1,9.88644527027027,16.18449713752687,41.10452312510386,0.10579340096402634
18,4,COG0049,3,1.0,1.0,0_1,11.668307094594594,9.014610331786795,7.611847442237478,0.09710133263925799
18,5,COG0049,3,1.0,1.0,0_1,17.97670945945946,11.648488785314575,40.874277391802465,0.07195403983932451
19,0,COG0051,3,1.0,1.0,0,6.984933513513514,7.586078649903274,2.1379065663282764,0.12176683349965996
19,1,COG0051,3,1.0,1.0,0,3.63634527027027,4.878227607997754,2.2008467725207708,0.14344686680028895
19,2,COG0051,3,1.0,1.0,0,3.270088648648649,3.1618585454900754,0.3324728631329483,0.14605584931478585
19,3,COG0051,3,1.0,1.0,0,5.075191621621621,1.5628637344020848,12.386739371465998,0.13366692257362245
19,4,COG0051,3,1.0,1.0,0,0.0,0.5993891515078494,0.3903625714224502,0.17171136091511638
19,5,COG0051,3,1.0,1.0,0,0.0,0.9356708426759943,0.9128030770015632,0.17171136091511638
20,0,COG0051,5,1.0,1.0,0_1,193.93330972972976,180.19082997623192,302.9279994167141,0.0001519966797570116
20,1,COG0051,5,1.0,1.0,0_1,173.8886754054054,112.33982042957744,3837.1177769657147,0.00025142196805810665
20,2,COG0051,5,1.0,1.0,0_1,60.58932297297298,75.36569685835447,241.8655473276578,0.01105808076547047
20,3,COG0051,5,1.0,1.0,0_1,26.03006640540541,32.64010301482916,49.8098534564934,0.0494983265293108
20,4,COG0051,5,1.0,1.0,0_1,19.187336945945948,18.172340088718364,3.5380920072354116,0.06797787359634555
20,5,COG0051,5,1.0,1.0,0_1,23.19621985135135,23.48660076744833,3.6685513475785285,0.05640101361777763
21,0,COG0051,7,1.0,1.0,1,2.7207139189189187,4.011083277419953,3.117835442343493,0.15006417537733815
21,1,COG0051,7,1.0,1.0,1,1.2295562702702703,2.3532654711494763,1.7735414839801036,0.16154420929408336
21,2,COG0051,7,1.0,1.0,1,0.5755365,1.6886180974106755,1.5033547958223625,0.16687022654935355
21,3,COG0051,7,1.0,1.0,1,0.0,0.539457095760875,0.32234283576065514,0.17171136091511638
21,4,COG0051,7,1.0,1.0,1,0.0,0.568795459169817,0.3547090785718859,0.17171136091511638
21,5,COG0051,7,1.0,1.0,1,0.7063412702702704,0.5754898416038782,0.05002231638557442,0.16579029335699352
23,0,COG0052,5,1.0,1.0,1,8.920814729729729,4.437077279253763,20.465808792382322,0.11084656182981857
23,1,COG0052,5,1.0,1.0,1,2.5375958108108105,2.6032188171920527,0.1414217550214272,0.15142606202197953
23,2,COG0052,5,1.0,1.0,1,0.0,1.8679545002491649,3.561296647201042,0.17171136091511638
23,3,COG0052,5,1.0,1.0,1,0.0,0.5967834833085252,0.36855543847954664,0.17171136091511638
23,4,COG0052,5,1.0,1.0,1,0.0,0.6291742999982172,0.4053365193691825,0.17171136091511638
23,5,COG0052,5,1.0,1.0,1,0.0,0.6365997914690142,0.41611182124287016,0.17171136091511638
24,0,COG0052,7,1.0,1.0,0,7.2203710810810815,7.410589070512141,0.7010336963209887,0.12037967244256138
24,1,COG0052,7,1.0,1.0,0,5.650726081081081,4.781136883476945,1.0323868054650447,0.12995561412639114
24,2,COG0052,7,1.0,1.0,0,4.264199189189189,3.0875432651442685,1.5079368201166337,0.13908892485273547
24,3,COG0052,7,1.0,1.0,0,0.0,1.5467081849096824,2.422539944027874,0.17171136091511638
24,4,COG0052,7,1.0,1.0,0,0.0,0.5679663667915774,0.33110963519531994,0.17171136091511638
24,5,COG0052,7,1.0,1.0,0,0.0,0.908396357243719,0.8394505784590682,0.17171136091511638
22,0,COG0052,3,1.0,1.0,0_1,32.49949108108108,37.53102580829612,30.624961663936237,0.03690349469323118
22,1,COG0052,3,1.0,1.0,0_1,50.97587594594595,23.397734857357108,762.8357721938751,0.016493715742372506
22,2,COG0052,3,1.0,1.0,0_1,11.480592972972973,15.697606039437007,18.865665458423337,0.09798011116845598
22,3,COG0052,3,1.0,1.0,0_1,6.8694286486486495,6.797232568454558,0.29074869703068634,0.1224535753456801
22,4,COG0052,3,1.0,1.0,0_1,0.0,3.786083762609111,14.442908883740152,0.17171136091511638
22,5,COG0052,3,1.0,1.0,0_1,6.048252189189189,4.892243770259228,1.496329394561441,0.1274562292023025
25,0,COG0052,9,1.0,1.0,0_1,8.404863378378378,16.76974193914009,71.63068378688376,0.11365125474551979
25,1,COG0052,9,1.0,1.0,0_1,9.66468418918919,10.454656302827948,1.3181170930542314,0.10693179455589023
25,2,COG0052,9,1.0,1.0,0_1,4.337389864864865,7.014058280428244,7.485449388801357,0.13859013719548552
25,3,COG0052,9,1.0,1.0,0_1,4.301398378378378,3.0371628171192873,1.6775184340008034,0.13883517792211955
25,4,COG0052,9,1.0,1.0,0_1,0.0,1.6917109589071953,2.8893424034629116,0.17171136091511638
25,5,COG0052,9,1.0,1.0,0_1,1.9797297297297298,2.1859691752011194,0.08441054332092493,0.15565653233633966
26,0,COG0052,11,1.0,1.0,1,4.447337702702702,4.396161947879305,0.28624556393378625,0.1378444214129045
26,1,COG0052,11,1.0,1.0,1,2.7468736486486485,2.5792365889901667,0.13820216426859672,0.1498706844506691
26,2,COG0052,11,1.0,1.0,1,1.8050927702702704,1.850727968078834,0.06006557158658247,0.15700651004714575
26,3,COG0052,11,1.0,1.0,1,0.0,0.5913091653166948,0.36057895583710886,0.17171136091511638
26,4,COG0052,11,1.0,1.0,1,0.0,0.6233472846219208,0.3963741292924396,0.17171136091511638
26,5,COG0052,11,1.0,1.0,1,1.1249132702702704,0.6307214586797448,0.25337512558510167,0.16238409862975908
27,0,COG0052,13,1.0,1.0,0,3.5840258108108114,7.113375912284801,13.032775046380992,0.14381650715071212
27,1,COG0052,13,1.0,1.0,0,5.80768445945946,4.5903715848574,1.726470049697107,0.12896259380365538
27,2,COG0052,13,1.0,1.0,0,1.5434852702702704,2.9636389765688875,2.1240293070464245,0.159052094441822
27,3,COG0052,13,1.0,1.0,0,3.0084913513513514,1.4859309683210917,2.3463030622057985,0.14795013456799924
27,4,COG0052,13,1.0,1.0,0,0.0,0.5440845988776818,0.3026548611108251,0.17171136091511638
27,5,COG0052,13,1.0,1.0,0,0.0,0.8716101759687201,0.7719133289946573,0.17171136091511638
28,0,COG0052,15,1.0,1.0,0_1,91.72213986486487,95.6867911306065,43.774026313568726,0.003307533225535118
28,1,COG0052,15,1.0,1.0,0_1,81.53389527027028,59.65342326801919,491.0220388077861,0.004838528234866252
28,2,COG0052,15,1.0,1.0,0_1,29.646149324324327,40.02164923544753,113.55986947199722,0.04197445393641293
28,3,COG0052,15,1.0,1.0,0_1,26.86228810810811,17.329805381980716,92.48520104811094,0.04764720373561686
28,4,COG0052,15,1.0,1.0,0_1,14.96654316216216,9.652765902169353,28.878969613208252,0.08295604305055077
28,5,COG0052,15,1.0,1.0,0_1,11.278727108108109,12.472963307635688,2.359144327926218,0.09893459781062851
29,0,COG0060,3,1.0,1.0,0_1,30.446857567567573,19.8283446421494,114.44982996539464,0.04048009193649549
29,1,COG0060,3,1.0,1.0,0_1,9.005405405405405,12.361462033226836,11.985658022179937,0.11039379956869032
29,2,COG0060,3,1.0,1.0,0_1,12.884355135135136,8.293339601121168,21.417179159967503,0.09160790723634944
29,3,COG0060,3,1.0,1.0,0_1,3.703537297297298,3.59110541418687,0.10031691501662854,0.14297363045459435
29,4,COG0060,3,1.0,1.0,0_1,4.268787297297298,2.0002590409469923,5.178580803268598,0.13905760135730733
29,5,COG0060,3,1.0,1.0,0_1,0.8576587297297298,2.5846641135150015,3.0307670359121506,0.16455025284863312
31,0,COG0060,7,1.0,1.0,1,8.869565675675675,10.45384356222576,3.75569004342422,0.11112182741725894
31,1,COG0060,7,1.0,1.0,1,9.94209,6.133172907282275,15.004451031036547,0.10550978177631949
31,2,COG0060,7,1.0,1.0,1,5.515798378378378,4.400943171790743,1.5073303130981184,0.13081575065745032
31,3,COG0060,7,1.0,1.0,1,1.2427600540540542,1.4059538036678059,0.08098793007132762,0.16143856070765344
31,4,COG0060,7,1.0,1.0,1,2.2812334054054055,1.4824176797935846,0.6755525953878059,0.1533547730575556
31,5,COG0060,7,1.0,1.0,1,1.3619336756756757,1.499864501995905,0.06353853260412702,0.16048831825814056
32,0,COG0060,9,1.0,1.0,0,9.584597837837837,16.36250661660418,48.25424141949408,0.10734610949279577
32,1,COG0060,9,1.0,1.0,0,17.790222162162163,10.559854121299338,53.27656145258485,0.07258827402772909
32,2,COG0060,9,1.0,1.0,0,7.422518918918919,6.817030337350188,0.8054337287915161,0.1192020552403478
32,3,COG0060,9,1.0,1.0,0,3.728284945945946,3.4191160000921355,0.2159187901515185,0.14279974983571256
32,4,COG0060,9,1.0,1.0,0,2.6557654054054054,1.2505525521081218,2.003263217339634,0.15054571613433362
32,5,COG0060,9,1.0,1.0,0,3.779361405405405,2.0046041453317045,3.2024634742076246,0.14244158897926154
30,0,COG0060,5,1.0,1.0,0_1,32.58542283783784,34.57337539355399,8.448107593198747,0.036761349153397134
30,1,COG0060,5,1.0,1.0,0_1,24.471089054054055,21.553865186478255,10.443143592303294,0.05317622248332653
30,2,COG0060,5,1.0,1.0,0_1,13.523931891891893,14.46054869786185,1.794304073691107,0.08885235853982282
30,3,COG0060,5,1.0,1.0,0_1,2.6887770000000004,6.261573409339743,13.006856368915725,0.15030075709614002
30,4,COG0060,5,1.0,1.0,0_1,2.3366784189189187,3.4877196233519845,1.4168662342236114,0.15293543953758154
30,5,COG0060,5,1.0,1.0,0_1,3.50501445945946,4.506708163264751,1.1389992231648969,0.1443766464140307
47,0,COG0060,39,1.0,1.0,0_1,62.46284594594595,59.29892606177589,21.570370763166423,0.010244619661670713
47,1,COG0060,39,1.0,1.0,0_1,39.23817567567568,36.96836202683172,10.175491562037656,0.02735532017210255
47,2,COG0060,39,1.0,1.0,0_1,22.882729864864864,24.80217792698061,6.090801009911074,0.05722559288255606
47,3,COG0060,39,1.0,1.0,0_1,7.642449243243243,10.739610304293489,10.24250409046642,0.11793474708679902
47,4,COG0060,39,1.0,1.0,0_1,6.319143121621622,5.982002790156098,0.36810244963076877,0.12578234928588866
47,5,COG0060,39,1.0,1.0,0_1,5.382427743243243,7.729732810677902,5.881152088806061,0.13167190980259075
33,0,COG0060,11,1.0,1.0,1,1.4388422702702703,3.724649162828761,7.77061664720892,0.15987823374618892
33,1,COG0060,11,1.0,1.0,1,3.793303648648649,2.1852171609928983,3.472261767450019,0.1423439883791103
33,2,COG0060,11,1.0,1.0,1,2.8253732432432432,1.5680327649210941,2.038565348573592,0.14929164949860219
33,3,COG0060,11,1.0,1.0,1,0.0,0.5009340264125791,0.30170899537274226,0.17171136091511638
33,4,COG0060,11,1.0,1.0,1,1.5696470405405407,0.528177469389664,1.1376913697918383,0.15884626051165107
33,5,COG0060,11,1.0,1.0,1,0.0,0.5343937534098869,0.34078310512879,0.17171136091511638
35,0,COG0060,15,1.0,1.0,0_1,72.74889608108109,78.22777765924808,49.41672308706008,0.006793332764326007
35,1,COG0060,15,1.0,1.0,0_1,62.20851567567568,48.76905868495543,189.07524223857956,0.010351137145455701
35,2,COG0060,15,1.0,1.0,0_1,35.712092432432435,32.719298462769565,13.019203245898606,0.031968594603248676
35,3,COG0060,15,1.0,1.0,0_1,10.103606391891892,14.16780880915131,17.6224571654313,0.10469111209229999
35,4,COG0060,15,1.0,1.0,0_1,2.256571824324325,7.8915220781203885,32.188511194378215,0.15354168200932308
35,5,COG0060,15,1.0,1.0,0_1,16.20369608108108,10.19714621895796,36.71291733618232,0.07823140110679286
34,0,COG0060,13,1.0,1.0,0,6.147781351351352,8.094995765920725,6.815224140417717,0.1268384865875321
34,1,COG0060,13,1.0,1.0,0,8.371440000000002,5.186630461710009,11.2321139746592,0.11383552784931376
34,2,COG0060,13,1.0,1.0,0,5.2844694594594595,3.3753759686232665,4.187370928052165,0.13230453535462872
34,3,COG0060,13,1.0,1.0,0,5.572246891891893,1.6437788986063637,15.506340258283316,0.13045516901833332
34,4,COG0060,13,1.0,1.0,0,0.0,0.6606088320295699,0.4928885692944854,0.17171136091511638
34,5,COG0060,13,1.0,1.0,0,1.9882190405405407,1.0051773725193294,1.0297959773389782,0.15559122321194666
36,0,COG0060,17,1.0,1.0,1,3.531706351351352,4.2056062364278795,1.5137395894850618,0.14418715944747482
36,1,COG0060,17,1.0,1.0,1,1.6219685405405406,2.467391525669613,1.0909734661139758,0.15843545654939892
36,2,COG0060,17,1.0,1.0,1,4.447337702702702,1.77050984546622,7.360602357475984,0.1378444214129045
36,3,COG0060,17,1.0,1.0,1,1.8574142702702703,0.5656203689436778,1.6932993915707757,0.15660075521126554
36,4,COG0060,17,1.0,1.0,1,1.9097357702702704,0.5963785975346082,1.7483142265348537,0.15619611351058438
36,5,COG0060,17,1.0,1.0,1,0.7586627702702703,0.6033985665421421,0.04911830023595985,0.16536040262869514
37,0,COG0060,19,1.0,1.0,0,15.147095675675677,7.6306061894989545,57.902839376813574,0.08224797047431107
37,1,COG0060,19,1.0,1.0,0,1.5173255405405406,4.912982512759935,12.062153696430068,0.1592581954631476
37,2,COG0060,19,1.0,1.0,0,2.275978108108108,3.1799623542605246,1.072222687939034,0.1533945824402052
37,3,COG0060,19,1.0,1.0,0,0.1831254540540541,1.5798059660074983,1.9946365501377992,0.17015503013234104
37,4,COG0060,19,1.0,1.0,0,0.0,0.5960869365648443,0.37884648536521637,0.17171136091511638
37,5,COG0060,19,1.0,1.0,0,0.0,0.9389759883144506,0.911357987360128,0.17171136091511638
39,0,COG0060,23,1.0,1.0,0,2.5899152702702706,4.80590020789036,15.873428590444252,0.1510356173229767
39,1,COG0060,23,1.0,1.0,0,1.4126825405405408,3.101559034177168,7.422583285862343,0.16008547145688268
39,2,COG0060,23,1.0,1.0,0,4.081081081081082,2.0022599495740323,6.229075852827627,0.14034523169907634
39,3,COG0060,23,1.0,1.0,0,0.0,1.0042176514142054,1.4895351784951885,0.17171136091511638
39,4,COG0060,23,1.0,1.0,0,2.2498183783783783,0.36732714037820763,3.6097373944245015,0.15359290823475813
39,5,COG0060,23,1.0,1.0,0,0.0,0.5887877557446888,0.5134883720120023,0.17171136091511638
38,0,COG0060,21,1.0,1.0,0,9.807235945945946,7.1606186961716425,7.8936093052029435,0.10619852833335386
38,1,COG0060,21,1.0,1.0,0,5.239864864864865,4.615672407354668,0.7379271088094357,0.1325936663950741
38,2,COG0060,21,1.0,1.0,0,2.157585810810811,2.9837072698588716,0.8453309294633597,0.15429432974659354
38,3,COG0060,21,1.0,1.0,0,5.267893378378379,1.4892184669249255,14.310782754271314,0.13241190471036865
38,4,COG0060,21,1.0,1.0,0,0.3082279054054054,0.5534758531964142,0.07386344385556202,0.1691004310144479
38,5,COG0060,21,1.0,1.0,0,1.569156608108108,0.8792514789790125,0.4949461054409348,0.15885011650307773
46,0,COG0060,37,1.0,1.0,0_1,45.6259272972973,43.14289729491578,12.646928767970799,0.0207208433665727
46,1,COG0060,37,1.0,1.0,0_1,27.9612395945946,26.896309124103226,3.9372815975390396,0.045315457524750316
46,2,COG0060,37,1.0,1.0,0_1,21.683562567567567,18.044809342402214,14.577702954289245,0.060500651470266405
46,3,COG0060,37,1.0,1.0,0_1,5.732440189189189,7.813596891499541,4.688759515556413,0.1294376275466652
46,4,COG0060,37,1.0,1.0,0_1,3.2556505135135136,4.3522024618918564,1.340613015576018,0.14615972459510146
46,5,COG0060,37,1.0,1.0,0_1,1.137144864864865,5.623762366637205,20.332288759567444,0.1622856861764167
41,0,COG0060,27,1.0,1.0,1,8.214481621621623,4.359031674623347,15.546727342245926,0.11470514702643148
41,1,COG0060,27,1.0,1.0,1,1.4911637702702705,2.557404711483299,1.3837856503962027,0.15946459613878794
41,2,COG0060,27,1.0,1.0,1,2.197498918918919,1.8351001278144716,0.2600169090024498,0.15399037710063354
41,3,COG0060,27,1.0,1.0,1,0.0,0.5862546778658564,0.3617061099215556,0.17171136091511638
41,4,COG0060,27,1.0,1.0,1,0.0,0.6181353485510992,0.39801523484131623,0.17171136091511638
41,5,COG0060,27,1.0,1.0,1,0.0,0.6254113043836051,0.4085425034971203,0.17171136091511638
42,0,COG0060,29,1.0,1.0,,2.2432432432432434,1.317851014192805,4.529051350965242,0.15364279937266193
42,1,COG0060,29,1.0,1.0,,0.0,0.8473408556721598,2.2391378006845164,0.17171136091511638
42,2,COG0060,29,1.0,1.0,,2.2432432432432434,0.5492846686330922,3.5082172793711304,0.15364279937266193
42,3,COG0060,29,1.0,1.0,,1.0094594594594595,0.2713691966912991,0.7022693142936351,0.1633161391375839
42,4,COG0060,29,1.0,1.0,,0.0,0.10424065527210391,0.034451234447343417,0.17171136091511638
42,5,COG0060,29,1.0,1.0,,1.1216216216216217,0.16258128759407298,0.9759620785377923,0.1624105932554741
40,0,COG0060,25,1.0,1.0,1,9.07870418918919,6.179611639663533,18.667266141900715,0.11000306692121287
40,1,COG0060,25,1.0,1.0,1,0.4483304594594595,3.7505029463243775,15.175743862868055,0.16792761144318277
40,2,COG0060,25,1.0,1.0,1,5.3239313513513515,2.5922496586693224,9.252740065242504,0.1320492983690368
40,3,COG0060,25,1.0,1.0,1,0.08406191351351353,0.9897211040683569,1.268841406302884,0.17099507547289852
40,4,COG0060,25,1.0,1.0,1,1.6532192837837838,0.7370534869768329,0.9049463182444326,0.1581906284691191
40,5,COG0060,25,1.0,1.0,1,0.056041402702702706,0.8419693065383694,0.7766782843519116,0.17123348325662618
45,0,COG0060,35,1.0,1.0,0_1,24.645308648648648,29.840960349203645,30.28717221714922,0.052751071985055714
45,1,COG0060,35,1.0,1.0,0_1,27.316035675675675,18.603564999953612,77.32441621154032,0.04666924704404881
45,2,COG0060,35,1.0,1.0,0_1,18.746,12.481184015405034,39.92111514290728,0.06939954192011952
45,3,COG0060,35,1.0,1.0,0_1,6.271178918918919,5.404487172709568,0.929307749890298,0.12607701696825732
45,4,COG0060,35,1.0,1.0,0_1,5.341503243243244,3.0103194092235084,5.502381110316474,0.1319358129355237
45,5,COG0060,35,1.0,1.0,0_1,2.518619297297297,3.8898284611947287,1.9802928697304032,0.15156794291069428
43,0,COG0060,31,1.0,1.0,0_1,18.129427297297298,11.380136218485278,48.15417606582812,0.07143905696852049
43,1,COG0060,31,1.0,1.0,0_1,1.6742900405405408,7.112116953617201,30.520788669863013,0.15802578030803788
43,2,COG0060,31,1.0,1.0,0_1,6.435558783783784,4.758520234280148,3.286238825608617,0.12507019138648334
43,3,COG0060,31,1.0,1.0,0_1,3.0869705405405408,2.0832231499265905,1.0768994122158702,0.14737912415321364
43,4,COG0060,31,1.0,1.0,0_1,1.2818777702702704,1.128550407129623,0.07352621685734645,0.16112599501293043
43,5,COG0060,31,1.0,1.0,0_1,2.982331621621622,1.4771824865144758,2.3228601300945373,0.14814099313823
44,0,COG0060,33,1.0,1.0,,2.328317972972973,0.4715228312315276,5.3243407522761625,0.15299859199212348
44,1,COG0060,33,1.0,1.0,,0.0,0.2766655700672732,0.7240363533613359,0.17171136091511638
44,2,COG0060,33,1.0,1.0,,0.941787,0.19850343011499275,0.8858863365368724,0.16386508653648907
44,3,COG0060,33,1.0,1.0,,1.8835760405405406,0.06345075147407934,3.3474934381000194,0.1563982875296343
44,4,COG0060,33,1.0,1.0,,0.0,0.066834118199414,0.04238975173003138,0.17171136091511638
44,5,COG0060,33,1.0,1.0,,0.0,0.06764188023516123,0.043544910352179125,0.17171136091511638
57,0,COG0072,21,1.0,1.0,1,4.525816891891893,3.8379682218989464,2.80511912973127,0.1373147483798077
57,1,COG0072,21,1.0,1.0,1,1.5173255405405406,2.251700696489561,1.352460026210721,0.1592581954631476
57,2,COG0072,21,1.0,1.0,1,2.563755540540541,1.6157387121199547,1.3187721847671203,0.1512307058641753
57,3,COG0072,21,1.0,1.0,1,0.0,0.5161748601843512,0.31353096363035804,0.17171136091511638
57,4,COG0072,21,1.0,1.0,1,0.0,0.5442464611899355,0.34501062338234423,0.17171136091511638
57,5,COG0072,21,1.0,1.0,1,0.0,0.5506520919655313,0.3541343064529026,0.17171136091511638
58,0,COG0072,23,1.0,1.0,0,11.066014594594593,8.079421488553287,11.715159376874908,0.09995109106919715
58,1,COG0072,23,1.0,1.0,0,6.200100810810812,5.181135645926396,2.049288696394399,0.12651503500924471
58,2,COG0072,23,1.0,1.0,0,2.040540540540541,3.368548550727216,2.265874383567364,0.15518935032906492
58,3,COG0072,23,1.0,1.0,0,1.6219685405405406,1.6463069615072188,0.07009839427135348,0.15843545654939892
58,4,COG0072,23,1.0,1.0,0,0.7325010000000001,0.6543419464610529,0.057919766394193634,0.1655752082942207
58,5,COG0072,23,1.0,1.0,0,1.3080395405405407,1.0016415775669572,0.15257473441356725,0.16091731087625075
48,0,COG0072,3,1.0,1.0,0_1,23.025262702702705,21.088480232057076,5.603935256080117,0.056849099990061304
48,1,COG0072,3,1.0,1.0,0_1,13.119481081081082,13.147060555568896,0.7915092922807162,0.09058445565010448
48,2,COG0072,3,1.0,1.0,0_1,10.945487567567568,8.820399856486524,4.888644695811494,0.10053198553769019
48,3,COG0072,3,1.0,1.0,0_1,3.6674075675675684,3.8193281842262596,0.11978029032795814,0.1432278872257017
48,4,COG0072,3,1.0,1.0,0_1,2.2306905945945945,2.1273799707080085,0.04663172339312064,0.15373809477652303
48,5,COG0072,3,1.0,1.0,0_1,9.111801081081081,2.748925290944504,40.539625137141286,0.10982712028056991
55,0,COG0072,17,1.0,1.0,0,7.952884324324324,7.352427446207813,1.210489231705445,0.1161702524288595
55,1,COG0072,17,1.0,1.0,0,2.275978108108108,4.740966181214955,6.415495782398041,0.1533945824402052
55,2,COG0072,17,1.0,1.0,0,3.427067432432432,3.0635075980648816,0.2882914019269308,0.14493151156062006
55,3,COG0072,17,1.0,1.0,0,1.3080395405405407,1.5312106256529174,0.08315549496479338,0.16091731087625075
55,4,COG0072,17,1.0,1.0,0,2.3021582432432433,0.5664570482605225,3.0249415416461845,0.15319637416480394
55,5,COG0072,17,1.0,1.0,0,0.49705527027027024,0.9022122129663095,0.18220046783894184,0.16752175450620307
56,0,COG0072,19,1.0,1.0,1,2.3021582432432433,4.3086286154594795,4.569757058836148,0.15319637416480394
56,1,COG0072,19,1.0,1.0,1,3.1131302702702706,2.527835007655473,0.5415071304801681,0.14718930786149598
56,2,COG0072,19,1.0,1.0,1,4.421177972972973,1.8138809455711855,6.901925315894891,0.13802146115149833
56,3,COG0072,19,1.0,1.0,1,1.8574142702702703,0.5794775447943348,1.648468882713228,0.15660075521126554
56,4,COG0072,19,1.0,1.0,1,0.0,0.6109864411207419,0.38637844477381156,0.17171136091511638
56,5,COG0072,19,1.0,1.0,1,0.0,0.6181792634451942,0.39660068553120553,0.17171136091511638
49,0,COG0072,5,1.0,1.0,0_1,14.556787567567568,16.04854768437292,3.3903938062500343,0.08458719733888295
49,1,COG0072,5,1.0,1.0,0_1,14.255318378378378,10.005046637483778,18.55935734386448,0.08580909550882247
49,2,COG0072,5,1.0,1.0,0_1,8.871887027027027,6.712413893006841,4.8952169751355195,0.11110934341457447
49,3,COG0072,5,1.0,1.0,0_1,5.103495675675676,2.9065475469232323,4.885993536295661,0.13348179615445185
49,4,COG0072,5,1.0,1.0,0_1,2.820916756756757,1.6189577687437282,1.4664202026274957,0.14932445809596132
49,5,COG0072,5,1.0,1.0,0_1,5.534165945945946,2.0919600714251305,11.881253382996409,0.13069830624474402
50,0,COG0072,7,1.0,1.0,1,7.194211351351353,4.433156468553433,7.975224526893084,0.12053296829982475
50,1,COG0072,7,1.0,1.0,1,4.028761621621622,2.6009120026940735,2.1723037882202405,0.14070638669969696
50,2,COG0072,7,1.0,1.0,1,0.0,1.866304369956786,3.553329350300732,0.17171136091511638
50,3,COG0072,7,1.0,1.0,1,0.0,0.5962479038364521,0.36769970519373907,0.17171136091511638
50,4,COG0072,7,1.0,1.0,1,0.0,0.6286255602696269,0.40445019630121376,0.17171136091511638
50,5,COG0072,7,1.0,1.0,1,0.3924122702702703,0.636039579581752,0.06999602414355786,0.1683946725296605
51,0,COG0072,9,1.0,1.0,0,5.80768445945946,7.3916761863181835,3.1614151904529595,0.12896259380365538
51,1,COG0072,9,1.0,1.0,0,2.877692702702703,4.769049177452808,3.8488606027050882,0.14890704629647228
51,2,COG0072,9,1.0,1.0,0,9.601008513513513,3.079654903632015,42.6492351301996,0.10726107233767444
51,3,COG0072,9,1.0,1.0,0,2.563755540540541,1.5429060001901944,1.0720358850505447,0.1512307058641753
51,4,COG0072,9,1.0,1.0,0,0.0,0.5663893289909828,0.3291025335104587,0.17171136091511638
51,5,COG0072,9,1.0,1.0,0,5.572246891891893,0.9060371159391299,21.7875239520496,0.13045516901833332
54,0,COG0072,15,1.0,1.0,0_1,4.059121621621622,6.919860842099531,8.459755269038734,0.14049669516123447
54,1,COG0072,15,1.0,1.0,0_1,6.389358108108109,4.314005965631325,4.4226255112064115,0.12535230374411652
54,2,COG0072,15,1.0,1.0,0_1,7.366554054054054,2.8942787202739866,20.05472615918945,0.11952684863614899
54,3,COG0072,15,1.0,1.0,0_1,1.2027027027027029,1.2532538738841286,0.015799542462007415,0.16175930156837065
54,4,COG0072,15,1.0,1.0,0_1,0.0,0.6980670581083983,0.49190847824352774,0.17171136091511638
54,5,COG0072,15,1.0,1.0,0_1,0.5261824324324325,0.9020176072122962,0.14827234257837146,0.1672796349157778
52,0,COG0072,11,1.0,1.0,0_1,7.168051621621623,10.11750841762796,13.775655470425615,0.12068647175142659
52,1,COG0072,11,1.0,1.0,0_1,11.458410540540541,6.365594936829632,27.735857219086995,0.09808451571482853
52,2,COG0072,11,1.0,1.0,0_1,5.755365,4.22739656246641,3.244819379469814,0.12929270144616203
52,3,COG0072,11,1.0,1.0,0_1,2.2498183783783783,1.9061129892885733,0.23056868099912958,0.15359290823475813
52,4,COG0072,11,1.0,1.0,0_1,0.9941085,0.9559087598822791,0.10060266330114155,0.16344049208880812
52,5,COG0072,11,1.0,1.0,0_1,0.0,1.2980812482605135,1.7923511986589435,0.17171136091511638
53,0,COG0072,13,1.0,1.0,,2.328317972972973,1.5770610019067226,5.048550372539896,0.15299859199212348
53,1,COG0072,13,1.0,1.0,,0.0,0.9252514384143291,2.403882366156358,0.17171136091511638
53,2,COG0072,13,1.0,1.0,,1.8050927702702704,0.6639235021548725,2.099750103624955,0.15700651004714575
53,3,COG0072,13,1.0,1.0,,1.8835760405405406,0.2121069880299459,2.8769393464374806,0.1563982875296343
53,4,COG0072,13,1.0,1.0,,0.0,0.22363180243557904,0.1409567953576104,0.17171136091511638
53,5,COG0072,13,1.0,1.0,,0.0,0.2262671497537432,0.1446905482346842,0.17171136091511638
62,0,COG0072,31,1.0,1.0,0_1,18.822084324324326,17.917198044626666,2.322974681744465,0.06915220745888559
62,1,COG0072,31,1.0,1.0,0_1,7.395793513513514,11.17000775241971,14.881796157140217,0.11935703951674431
62,2,COG0072,31,1.0,1.0,0_1,6.828372972972972,7.493989577363202,0.7411716867441868,0.12269866560828427
62,3,COG0072,31,1.0,1.0,0_1,5.439225945945946,3.244978240308741,4.890703676776205,0.13130657374897844
62,4,COG0072,31,1.0,1.0,0_1,1.6630728648648652,1.8074649207487898,0.04841799679068117,0.15811351575135438
62,5,COG0072,31,1.0,1.0,0_1,6.163171891891892,2.3355423579962387,14.692083950593492,0.1267432473737349
60,0,COG0072,27,1.0,1.0,1,1.8835760405405406,4.0107264837172405,5.994110071113521,0.1563982875296343
60,1,COG0072,27,1.0,1.0,1,3.63634527027027,2.353056258437305,2.16335882995564,0.14344686680028895
60,2,COG0072,27,1.0,1.0,1,0.0,1.6884678829882742,3.118268005308437,0.17171136091511638
60,3,COG0072,27,1.0,1.0,1,0.0,0.5394092557590356,0.3225950385725051,0.17171136091511638
60,4,COG0072,27,1.0,1.0,1,0.0,0.5687447357331632,0.35498568556998517,0.17171136091511638
60,5,COG0072,27,1.0,1.0,1,0.313929,0.5754386096250698,0.10163061198823409,0.1690525370108956
61,0,COG0072,29,1.0,1.0,0,9.365550540540541,7.5944884527320164,4.9585866598957065,0.10848806801843866
61,1,COG0072,29,1.0,1.0,0,0.6540197702702704,4.8829609011079835,18.55824849701441,0.16622137045722657
61,2,COG0072,29,1.0,1.0,0,4.054921351351351,3.1654138918960295,1.1200375725276168,0.14052568594001255
61,3,COG0072,29,1.0,1.0,0,6.0431424324324325,1.5637401233862764,20.116197942297617,0.1274880298576436
61,4,COG0072,29,1.0,1.0,0,0.0,0.6008052831175718,0.39296232859964375,0.17171136091511638
61,5,COG0072,29,1.0,1.0,0,0.0,0.9369491246536507,0.9161306590597422,0.17171136091511638
59,0,COG0072,25,1.0,1.0,0_1,56.915791891891885,58.720934409355586,14.218501497652479,0.012863666469195713
59,1,COG0072,25,1.0,1.0,0_1,38.33285054054054,36.60802827250874,7.751552057985387,0.028467208650616953
59,2,COG0072,25,1.0,1.0,0_1,26.79716,24.560428999037068,7.297138281934225,0.04778936346917741
59,3,COG0072,25,1.0,1.0,0_1,6.613252486486488,10.634930413469464,16.797455238813058,0.12399142567821918
59,4,COG0072,25,1.0,1.0,0_1,5.939950864864865,5.923695702539314,0.24613337010665434,0.1281320525745818
59,5,COG0072,25,1.0,1.0,0_1,10.653001081081083,7.654390450592715,9.34954642345573,0.10195665414164179
63,0,COG0072,33,1.0,1.0,0_1,104.52257513513514,105.59505714861905,34.3032957722799,0.0020916371898098488
63,1,COG0072,33,1.0,1.0,0_1,59.82948972972973,65.83047215471318,50.5476658464321,0.011407715591897459
63,2,COG0072,33,1.0,1.0,0_1,52.311463783783786,44.16584868470216,73.36987443879994,0.015590376478263019
63,3,COG0072,33,1.0,1.0,0_1,28.611651891891892,19.124288400338802,91.94169185207095,0.04399319042257929
63,4,COG0072,33,1.0,1.0,0_1,13.904836540540543,10.652299602048046,11.351937835138845,0.0872533361636046
63,5,COG0072,33,1.0,1.0,0_1,9.20783481081081,13.764525466056044,21.88279144575239,0.10931828735378703
64,0,COG0080,3,1.0,1.0,0_1,230.51149702702705,178.8093613945913,2784.033733675655,6.824720702574638e-05
64,1,COG0080,3,1.0,1.0,0_1,136.14585054054055,111.47760548315236,656.1633169125332,0.0007388960011730399
64,2,COG0080,3,1.0,1.0,0_1,72.74063216216217,74.78796071838468,27.106160456187347,0.006795535391577096
64,3,COG0080,3,1.0,1.0,0_1,26.507838959459463,32.38866885970289,40.58790688550418,0.04842639291180445
64,4,COG0080,3,1.0,1.0,0_1,18.98965937837838,18.03406505729485,3.3512607306226,0.06861076670392835
64,5,COG0080,3,1.0,1.0,0_1,18.226743135135138,23.306871752401232,29.306902155044085,0.07111294854103774
65,0,COG0081,3,1.0,0.0,0_1,230.51149702702705,178.8093613945913,2784.033733675655,6.824720702574638e-05
65,1,COG0081,3,1.0,0.0,0_1,136.14585054054055,111.47760548315236,656.1633169125332,0.0007388960011730399
65,2,COG0081,3,1.0,0.0,0_1,72.74063216216217,74.78796071838468,27.106160456187347,0.006795535391577096
65,3,COG0081,3,1.0,0.0,0_1,26.507838959459463,32.38866885970289,40.58790688550418,0.04842639291180445
65,4,COG0081,3,1.0,0.0,0_1,18.98965937837838,18.03406505729485,3.3512607306226,0.06861076670392835
65,5,COG0081,3,1.0,0.0,0_1,18.226743135135138,23.306871752401232,29.306902155044085,0.07111294854103774
66,0,COG0087,3,1.0,1.0,0_1,276.1059091891892,266.8310895381931,306.2644392257976,3.0748877724376834e-05
66,1,COG0087,3,1.0,1.0,0_1,197.35888324324324,166.3488673854323,1057.8353526125256,0.00014012041490534647
66,2,COG0087,3,1.0,1.0,0_1,115.61388216216217,111.6039114710407,62.391410377116486,0.001430926174937235
66,3,COG0087,3,1.0,1.0,0_1,41.8669252972973,48.325715362780976,54.36609466979425,0.024383142738313077
66,4,COG0087,3,1.0,1.0,0_1,28.413130702702706,26.91757607365806,7.255271829909336,0.044392343195356135
66,5,COG0087,3,1.0,1.0,0_1,42.73709816216216,34.78195734840489,70.57361225430309,0.02347736298553985
67,0,COG0088,3,1.0,0.0,0_1,276.1059091891892,266.8310895381931,306.2644392257976,3.0748877724376834e-05
67,1,COG0088,3,1.0,0.0,0_1,197.35888324324324,166.3488673854323,1057.8353526125256,0.00014012041490534647
67,2,COG0088,3,1.0,0.0,0_1,115.61388216216217,111.6039114710407,62.391410377116486,0.001430926174937235
67,3,COG0088,3,1.0,0.0,0_1,41.8669252972973,48.325715362780976,54.36609466979425,0.024383142738313077
67,4,COG0088,3,1.0,0.0,0_1,28.413130702702706,26.91757607365806,7.255271829909336,0.044392343195356135
67,5,COG0088,3,1.0,0.0,0_1,42.73709816216216,34.78195734840489,70.57361225430309,0.02347736298553985
68,0,COG0089,3,1.0,0.0,0_1,276.1059091891892,266.8310895381931,306.2644392257976,3.0748877724376834e-05
68,1,COG0089,3,1.0,0.0,0_1,197.35888324324324,166.3488673854323,1057.8353526125256,0.00014012041490534647
68,2,COG0089,3,1.0,0.0,0_1,115.61388216216217,111.6039114710407,62.391410377116486,0.001430926174937235
68,3,COG0089,3,1.0,0.0,0_1,41.8669252972973,48.325715362780976,54.36609466979425,0.024383142738313077
68,4,COG0089,3,1.0,0.0,0_1,28.413130702702706,26.91757607365806,7.255271829909336,0.044392343195356135
68,5,COG0089,3,1.0,0.0,0_1,42.73709816216216,34.78195734840489,70.57361225430309,0.02347736298553985
71,0,COG0090,7,1.0,1.0,1,9.260911621621622,3.5770850424931324,35.55672189903242,0.1090381376102249
71,1,COG0090,7,1.0,1.0,1,0.0,2.098644273599825,5.533124939586466,0.17171136091511638
71,2,COG0090,7,1.0,1.0,1,0.941787,1.5059099144779993,0.9007185575556542,0.16386508653648907
71,3,COG0090,7,1.0,1.0,1,0.627858,0.4810899414102757,0.08496737299992871,0.16643736340262874
71,4,COG0090,7,1.0,1.0,1,0.0,0.5072501974124128,0.32447003008180486,0.17171136091511638
71,5,COG0090,7,1.0,1.0,1,0.0,0.5132214255606735,0.3330531022649246,0.17171136091511638
70,0,COG0090,5,1.0,1.0,0,4.368858513513515,7.22067918735924,8.752248824900597,0.13837626580008036
70,1,COG0090,5,1.0,1.0,0,3.9502824324324326,4.659044894356858,0.7619295921372657,0.14124997164111983
70,2,COG0090,5,1.0,1.0,0,7.481988783783783,3.0083871048800495,20.12811796901365,0.1188579487976399
70,3,COG0090,5,1.0,1.0,0,0.15696470405405405,1.5076209639846692,1.853271017696936,0.17037644331238147
70,4,COG0090,5,1.0,1.0,0,0.0,0.5529283305146181,0.3133036006837874,0.17171136091511638
70,5,COG0090,5,1.0,1.0,0,0.6016982702702703,0.8849622161755717,0.09343138514425398,0.1666536373758203
69,0,COG0090,3,1.0,1.0,0_1,12.443655405405405,6.810183283632455,31.994804721528144,0.09355950063934576
69,1,COG0090,3,1.0,1.0,0_1,2.105852027027027,4.245630364977008,4.687195202843584,0.15468924937067852
69,2,COG0090,3,1.0,1.0,0_1,4.594594594594595,2.8484053377296994,3.0994975724893443,0.13685233073340672
69,3,COG0090,3,1.0,1.0,0_1,2.2972972972972974,1.2333902049226424,1.1444127099475794,0.153233155533271
69,4,COG0090,3,1.0,1.0,0_1,0.0,0.6870029207902273,0.4763571323633915,0.17171136091511638
69,5,COG0090,3,1.0,1.0,0_1,0.0,0.8877209195894071,0.7947078473683818,0.17171136091511638
74,0,COG0090,13,1.0,0.0,0_1,276.1059091891892,266.83135759194226,306.21964314234447,3.0748877724376834e-05
74,1,COG0090,13,1.0,0.0,0_1,197.35888324324324,166.34901983374127,1057.8121913317032,0.00014012041490534647
74,2,COG0090,13,1.0,0.0,0_1,115.61388216216217,111.60402467658021,62.383453318199784,0.001430926174937235
74,3,COG0090,13,1.0,0.0,0_1,41.8669252972973,48.32574530131757,54.36576289860377,0.024383142738313077
74,4,COG0090,13,1.0,0.0,0_1,28.413130702702706,26.917619451544173,7.254345853127983,0.044392343195356135
74,5,COG0090,13,1.0,0.0,0_1,42.73709816216216,34.78199752804082,70.57215760783438,0.02347736298553985
75,0,COG0090,15,1.0,1.0,1,6.775635270270271,4.392829261645832,6.001743514450084,0.12301425966940895
75,1,COG0090,15,1.0,1.0,1,0.7586627702702703,2.577254212139304,3.4310268079996082,0.16536040262869514
75,2,COG0090,15,1.0,1.0,1,0.0,1.849326963563205,3.485164337325608,0.17171136091511638
75,3,COG0090,15,1.0,1.0,1,2.851532972972973,0.590826528002853,5.122373135244446,0.14909921619629726
75,4,COG0090,15,1.0,1.0,1,1.8574142702702703,0.6229049071461218,1.5326880369807747,0.15660075521126554
75,5,COG0090,15,1.0,1.0,1,0.0,0.6302529906871295,0.4072211752023388,0.17171136091511638
72,0,COG0090,9,1.0,1.0,0_1,292.52341905405405,299.08816135911064,327.92887877691544,2.4292734561433883e-05
72,1,COG0090,9,1.0,1.0,0_1,164.69013891891893,186.45867912589873,597.9852906114181,0.00032179868706333134
72,2,COG0090,9,1.0,1.0,0_1,110.41802270270271,125.09565158320498,275.03749127148194,0.0017060207581491656
72,3,COG0090,9,1.0,1.0,0_1,70.04780716216217,54.16776513419883,268.3711825922089,0.007556454929926174
72,4,COG0090,9,1.0,1.0,0_1,24.511313513513514,30.17164617600287,38.42270794194483,0.05307773796592991
72,5,COG0090,9,1.0,1.0,0_1,53.66601081081081,38.986735977889445,224.77379333607354,0.014728527839712112
73,0,COG0090,11,1.0,1.0,0,17.65853175675676,8.52439478944389,87.27796053171389,0.07303973785505756
73,1,COG0090,11,1.0,1.0,0,3.453227162162162,5.449818224248511,5.360355806518639,0.1447450416774252
73,2,COG0090,11,1.0,1.0,0,4.918233243243244,3.555310345866725,2.546779889642574,0.13469849358570923
73,3,COG0090,11,1.0,1.0,0,1.4388422702702703,1.715823804878804,0.16592050453455712,0.15987823374618892
73,4,COG0090,11,1.0,1.0,0,0.0,0.7089508111735189,0.5757448826059087,0.17171136091511638
73,5,COG0090,11,1.0,1.0,0,0.0,1.0627615238237806,1.210132251068598,0.17171136091511638
76,0,COG0091,3,1.0,0.0,0_1,292.52341905405405,299.0866127749259,328.18390232555396,2.4292734561433883e-05
76,1,COG0091,3,1.0,0.0,0_1,164.69013891891893,186.4578040962473,598.0419844337143,0.00032179868706333134
76,2,COG0091,3,1.0,0.0,0_1,110.41802270270271,125.09499715613886,275.06702707097617,0.0017060207581491656
76,3,COG0091,3,1.0,0.0,0_1,70.04780716216217,54.16759939075591,268.38142259365213,0.007556454929926174
76,4,COG0091,3,1.0,0.0,0_1,24.511313513513514,30.171389241021785,38.42530498153772,0.05307773796592991
76,5,COG0091,3,1.0,0.0,0_1,53.66601081081081,38.98650182327702,224.78630791086277,0.014728527839712112
77,0,COG0092,3,1.0,0.0,0_1,292.52341905405405,299.0866127749259,328.18390232555396,2.4292734561433883e-05
77,1,COG0092,3,1.0,0.0,0_1,164.69013891891893,186.4578040962473,598.0419844337143,0.00032179868706333134
77,2,COG0092,3,1.0,0.0,0_1,110.41802270270271,125.09499715613886,275.06702707097617,0.0017060207581491656
77,3,COG0092,3,1.0,0.0,0_1,70.04780716216217,54.16759939075591,268.38142259365213,0.007556454929926174
77,4,COG0092,3,1.0,0.0,0_1,24.511313513513514,30.171389241021785,38.42530498153772,0.05307773796592991
77,5,COG0092,3,1.0,0.0,0_1,53.66601081081081,38.98650182327702,224.78630791086277,0.014728527839712112
78,0,COG0093,3,1.0,0.0,0_1,292.52341905405405,299.0866127749259,328.18390232555396,2.4292734561433883e-05
78,1,COG0093,3,1.0,0.0,0_1,164.69013891891893,186.4578040962473,598.0419844337143,0.00032179868706333134
78,2,COG0093,3,1.0,0.0,0_1,110.41802270270271,125.09499715613886,275.06702707097617,0.0017060207581491656
78,3,COG0093,3,1.0,0.0,0_1,70.04780716216217,54.16759939075591,268.38142259365213,0.007556454929926174
78,4,COG0093,3,1.0,0.0,0_1,24.511313513513514,30.171389241021785,38.42530498153772,0.05307773796592991
78,5,COG0093,3,1.0,0.0,0_1,53.66601081081081,38.98650182327702,224.78630791086277,0.014728527839712112
79,0,COG0094,3,1.0,1.0,0_1,89.43118702702704,69.73023517435685,403.7843561504985,0.003598521748160358
79,1,COG0094,3,1.0,1.0,0_1,49.12771027027027,43.47150375612136,38.80792412081796,0.017838138942752796
79,2,COG0094,3,1.0,1.0,0_1,34.8217427027027,29.165142557611034,35.26751001183671,0.03326110855020605
79,3,COG0094,3,1.0,1.0,0_1,17.811923243243243,12.628840948842907,27.75091990709178,0.07251416405177033
79,4,COG0094,3,1.0,1.0,0_1,6.239386918918919,7.0342833574193415,0.9806326556544864,0.12627273520520155
79,5,COG0094,3,1.0,1.0,0_1,3.8179091891891894,9.089469199847178,28.29739167215535,0.14217191423198988
84,0,COG0096,11,1.0,1.0,1,4.081081081081082,4.441812862787429,0.4510377872363561,0.14034523169907634
84,1,COG0096,11,1.0,1.0,1,4.944392972972974,2.606003069322475,5.591125856564776,0.1345259792798844
84,2,COG0096,11,1.0,1.0,1,2.982331621621622,1.869947683440094,1.3021718329755985,0.14814099313823
84,3,COG0096,11,1.0,1.0,1,0.9679487702702703,0.597427904211678,0.1489683372120145,0.1636526348711496
84,4,COG0096,11,1.0,1.0,1,2.0143787702702705,0.6298392278727607,1.9255907200137914,0.15539015666697353
84,5,COG0096,11,1.0,1.0,1,2.616075,0.6372771107611818,3.9256454099247966,0.15084079601240977
85,0,COG0096,13,1.0,1.0,0,7.926724594594595,7.337675578953547,0.9688269062087117,0.11631785385670207
85,1,COG0096,13,1.0,1.0,0,3.6101855405405407,4.734631426859017,1.5255682589030644,0.14363156066423646
85,2,COG0096,13,1.0,1.0,0,3.453227162162162,3.057124734067958,0.2725512797367411,0.1447450416774252
85,3,COG0096,13,1.0,1.0,0,0.0,1.5321709828331995,2.3769019823434405,0.17171136091511638
85,4,COG0096,13,1.0,1.0,0,0.36625050000000003,0.5617802184424858,0.04584655890536857,0.1686136639930441
85,5,COG0096,13,1.0,1.0,0,0.313929,0.8992668563188855,0.3559373244298325,0.1690525370108956
81,0,COG0096,5,1.0,1.0,0,4.760248648648649,5.193427672704712,0.9077414142492175,0.13574535640193044
81,1,COG0096,5,1.0,1.0,0,3.4455059459459463,3.342617660672358,0.2817650440160124,0.1448000529672336
81,2,COG0096,5,1.0,1.0,0,0.8160416216216216,2.164385735424507,1.9483713980189579,0.16489031887842717
81,3,COG0096,5,1.0,1.0,0,1.4054054054054055,1.0737233822107985,0.13199429085440956,0.16014317169809286
81,4,COG0096,5,1.0,1.0,0,0.0,0.40701676495015604,0.17773493174944266,0.17171136091511638
81,5,COG0096,5,1.0,1.0,0,1.5867448648648648,0.6394939385152306,0.9123720089259867,0.15871189213934128
80,0,COG0096,3,1.0,1.0,0_1,7.289189189189189,7.392982463777137,0.31429934263989256,0.11997738795639981
80,1,COG0096,3,1.0,1.0,0_1,7.540540540540541,4.60896134808301,8.721492151773043,0.1185201865914366
80,2,COG0096,3,1.0,1.0,0_1,3.2675675675675677,3.092165039191745,0.08981276512899519,0.1460739816011282
80,3,COG0096,3,1.0,1.0,0_1,0.06283783783783785,1.33894091451282,1.643132784272469,0.17117562455217591
80,4,COG0096,3,1.0,1.0,0_1,3.393243243243244,0.7457948727357637,7.014135426972262,0.14517299302099362
80,5,COG0096,3,1.0,1.0,0_1,4.147297297297297,0.9636899141799062,10.14317978699434,0.13988956038268835
86,0,COG0096,15,1.0,1.0,,2.829210810810811,0.7420372838011258,7.954378054729191,0.149263403509002
86,1,COG0096,15,1.0,1.0,,1.6216216216216217,0.4684283974967417,2.786148022990355,0.15843817667708937
86,2,COG0096,15,1.0,1.0,,0.0,0.30992903455146764,0.7234830025488322,0.17171136091511638
86,3,COG0096,15,1.0,1.0,,0.0,0.1417822860606714,0.1623728836379242,0.17171136091511638
86,4,COG0096,15,1.0,1.0,,1.1040827027027027,0.0683660629267223,1.1024928363753763,0.1625518421751229
86,5,COG0096,15,1.0,1.0,,0.79356,0.09464515516640583,0.5461402803618037,0.16507433328740936
87,0,COG0096,17,1.0,1.0,0,1.1249132702702704,6.253298645003305,30.98247752650317,0.16238409862975908
87,1,COG0096,17,1.0,1.0,0,3.63634527027027,4.035675174339675,2.1151208396239007,0.14344686680028895
87,2,COG0096,17,1.0,1.0,0,4.656615540540541,2.6052816629285753,5.0267024750362985,0.1364367598855348
87,3,COG0096,17,1.0,1.0,0,1.7789330405405406,1.3066794252905252,0.43057573229868434,0.15720979796395132
87,4,COG0096,17,1.0,1.0,0,1.2033965405405407,0.47793756333460435,0.5561020246446066,0.1617537402270114
87,5,COG0096,17,1.0,1.0,0,0.44473377027027033,0.7661078917588922,0.17647338455637007,0.16795761166335518
82,0,COG0096,7,1.0,1.0,1,4.081081081081082,2.75397886426602,6.383140785853449,0.14034523169907634
82,1,COG0096,7,1.0,1.0,1,2.485276351351352,1.615737365855596,2.354517801555463,0.1518175787342219
82,2,COG0096,7,1.0,1.0,1,0.0,1.1593919161935886,2.1681582260247434,0.17171136091511638
82,3,COG0096,7,1.0,1.0,1,0.0,0.37039143771862887,0.22431701036482155,0.17171136091511638
82,4,COG0096,7,1.0,1.0,1,0.0,0.3905267564771594,0.24681590149037497,0.17171136091511638
82,5,COG0096,7,1.0,1.0,1,0.0,0.39512566437070895,0.2533484915182865,0.17171136091511638
94,0,COG0096,31,1.0,1.0,0,6.531847432432432,6.020357376039943,2.5783462385487685,0.12448439692125385
94,1,COG0096,31,1.0,1.0,0,4.435810810810811,3.821327651858472,1.1985160482969186,0.13792240156090346
94,2,COG0096,31,1.0,1.0,0,1.1211395810810811,2.512992244659818,2.3515806628037854,0.16241447360630834
94,3,COG0096,31,1.0,1.0,0,1.364864864864865,1.1767629043679628,0.08647472750880093,0.1604650210856913
94,4,COG0096,31,1.0,1.0,0,2.827222027027027,0.5314578739025061,5.315234992961114,0.14927804102246053
94,5,COG0096,31,1.0,1.0,0,1.364864864864865,0.7604390294291479,0.41379276893124367,0.1604650210856913
95,0,COG0096,33,1.0,1.0,0,7.911891891891893,6.101212595723038,4.173413462462355,0.11640163323164766
95,1,COG0096,33,1.0,1.0,0,0.8310810810810811,3.928899657649758,9.937327060413791,0.16476734089051737
95,2,COG0096,33,1.0,1.0,0,2.327027027027027,2.542560027485115,0.2087747825258535,0.15300834590204518
95,3,COG0096,33,1.0,1.0,0,1.4627027027027026,1.2639548356997268,0.06828076435167496,0.1596894594412159
95,4,COG0096,33,1.0,1.0,0,3.3243243243243246,0.4759225040090421,8.127941189530763,0.14566635025413144
95,5,COG0096,33,1.0,1.0,0,0.0,0.750556418219478,0.5820759518216224,0.17171136091511638
83,0,COG0096,9,1.0,1.0,,1.9097357702702704,1.443016588774283,4.548222323906754,0.15619611351058438
83,1,COG0096,9,1.0,1.0,,2.1713391891891893,0.8467363902368319,3.2502467200761718,0.15418952095981522
83,2,COG0096,9,1.0,1.0,,1.3080395405405407,0.6074829217047827,1.2607239520620745,0.16091731087625075
83,3,COG0096,9,1.0,1.0,,0.0,0.1942410366104929,0.11832452021737816,0.17171136091511638
83,4,COG0096,9,1.0,1.0,,3.6625050000000003,0.20448137230921262,12.045486919522773,0.14326242519549715
83,5,COG0096,9,1.0,1.0,,1.1249132702702704,0.20698956425606513,0.9327244421625047,0.16238409862975908
89,0,COG0096,21,1.0,1.0,0_1,5.318187567567568,9.223401777869702,15.709182004708364,0.1320864162306574
89,1,COG0096,21,1.0,1.0,0_1,10.70823527027027,5.75008834395675,24.77586867455222,0.10168597750812268
89,2,COG0096,21,1.0,1.0,0_1,10.528561216216216,3.857750327379571,44.58918549066866,0.10256928936863567
89,3,COG0096,21,1.0,1.0,0_1,1.5810810810810811,1.670447626771526,0.03033998114252673,0.1587563893097571
89,4,COG0096,21,1.0,1.0,0_1,2.910627972972973,0.9304452957680535,3.929008385979604,0.14866547712542946
89,5,COG0096,21,1.0,1.0,0_1,1.7966772972972975,1.2022886989536883,0.36524425806389266,0.15707187643222867
90,0,COG0096,23,1.0,1.0,1,3.1734897297297295,3.53420606720196,2.5432164484990105,0.14675232666725166
90,1,COG0096,23,1.0,1.0,1,3.9442,2.102415712620737,4.394685464624528,0.1412921945713603
90,2,COG0096,23,1.0,1.0,1,3.717522162162163,1.485707446092902,5.40433741005934,0.1428753431176677
90,3,COG0096,23,1.0,1.0,1,0.0,0.5120359018212671,0.36737847022579273,0.17171136091511638
90,4,COG0096,23,1.0,1.0,1,1.8587610810810815,0.46893859451027975,1.9485945827862565,0.15659032536137912
90,5,COG0096,23,1.0,1.0,1,0.0,0.4967347526484643,0.2853965587257184,0.17171136091511638
88,0,COG0096,19,1.0,1.0,1,4.447337702702702,4.158101943419928,1.2543969505493515,0.1378444214129045
88,1,COG0096,19,1.0,1.0,1,0.6801795,2.4395273572271483,3.509673506262467,0.1660056918014711
88,2,COG0096,19,1.0,1.0,1,1.3080395405405407,1.7505106480417287,0.4105569206367281,0.16091731087625075
88,3,COG0096,19,1.0,1.0,1,1.9097357702702704,0.5592392585119055,1.8503561327046776,0.15619611351058438
88,4,COG0096,19,1.0,1.0,1,2.406797162162162,0.5896353418364902,3.327675844893125,0.15240687061008829
88,5,COG0096,19,1.0,1.0,1,2.459116621621622,0.59658069099563,3.4962858442676796,0.1520137400635295
92,0,COG0096,27,1.0,1.0,0,10.385820810810811,8.596372965092147,7.609626860829783,0.1032768491628158
92,1,COG0096,27,1.0,1.0,0,7.848225,5.479903188551114,7.175564823533666,0.1167619718032191
92,2,COG0096,27,1.0,1.0,0,1.6742900405405408,3.5865152536810374,4.445507282355109,0.15802578030803788
92,3,COG0096,27,1.0,1.0,0,1.0987535405405406,1.71009230729508,0.47281548018481145,0.1625947861760501
92,4,COG0096,27,1.0,1.0,0,0.26160750000000005,0.7326882903258682,0.306523719228971,0.16949262250577837
92,5,COG0096,27,1.0,1.0,0,0.313929,1.0774270345361585,0.6752406615571046,0.1690525370108956
93,0,COG0096,29,1.0,1.0,1,2.2498183783783783,3.2217115390069684,4.784655782939055,0.15359290823475813
93,1,COG0096,29,1.0,1.0,1,1.8835760405405406,1.8901485854663795,1.330547928915314,0.1563982875296343
93,2,COG0096,29,1.0,1.0,1,2.1451794594594595,1.35630201847608,1.3085228576468166,0.1543889382960591
93,3,COG0096,29,1.0,1.0,1,0.0,0.43329348252332,0.261297616931778,0.17171136091511638
93,4,COG0096,29,1.0,1.0,1,0.49705527027027024,0.4568576139970073,0.08042978710687397,0.16752175450620307
93,5,COG0096,29,1.0,1.0,1,3.6625050000000003,0.4622347200784439,10.323205446168851,0.14326242519549715
91,0,COG0096,25,1.0,1.0,0_1,9.243243243243244,5.9611233411245195,10.979367180570597,0.10913130983941932
91,1,COG0096,25,1.0,1.0,0_1,3.081081081081081,3.716306268141933,0.49016347952962125,0.14742189420626498
91,2,COG0096,25,1.0,1.0,0_1,0.0,2.4932802532738143,6.256533929098472,0.17171136091511638
91,3,COG0096,25,1.0,1.0,0_1,0.342342,1.0796173231839534,0.5534881673497771,0.1688140584053921
91,4,COG0096,25,1.0,1.0,0_1,1.0270270270270272,0.6013507059348235,0.18464425509612042,0.1631739534074116
91,5,COG0096,25,1.0,1.0,0_1,0.684685027027027,0.7770442401521837,0.013777947455398587,0.1659685751568153
102,0,COG0097,15,1.0,1.0,1,10.411980540540542,4.296381670169248,38.542195533965284,0.1031467883986597
102,1,COG0097,15,1.0,1.0,1,3.505546621621622,2.520778765117825,1.375966533823089,0.1443728659872487
102,2,COG0097,15,1.0,1.0,1,0.0,1.808715541762762,3.481451818290166,0.17171136091511638
102,3,COG0097,15,1.0,1.0,1,0.0,0.5779940550995348,0.3607974859081646,0.17171136091511638
102,4,COG0097,15,1.0,1.0,1,0.0,0.6091061037347064,0.39591914603364364,0.17171136091511638
102,5,COG0097,15,1.0,1.0,1,1.1772347702702701,0.616376074631323,0.34130939765138685,0.16196357605187023
96,0,COG0097,3,1.0,1.0,0_1,51.67115351351352,39.665451631744595,150.09788853920895,0.01601660616320177
96,1,COG0097,3,1.0,1.0,0_1,21.39731027027027,24.728386722425615,13.65739700932669,0.06131167459456668
96,2,COG0097,3,1.0,1.0,0_1,13.906670270270274,16.590344113478373,8.416682846811856,0.0872457128121588
96,3,COG0097,3,1.0,1.0,0_1,2.071208432432433,7.1837977744310875,26.458671040967133,0.15495430770694985
96,4,COG0097,3,1.0,1.0,0_1,9.110163243243242,4.001402016736488,26.22091305079544,0.10983582015729672
96,5,COG0097,3,1.0,1.0,0_1,2.258082810810811,5.170470416426144,8.661209145181132,0.15353022336115937
100,0,COG0097,11,1.0,1.0,0,9.218355675675676,6.495514294007188,8.192843217739556,0.10926269538409349
100,1,COG0097,11,1.0,1.0,0,1.721149837837838,4.191639011580026,6.431476979621345,0.15765982369908513
100,2,COG0097,11,1.0,1.0,0,0.0,2.706221140886742,7.464837835875984,0.17171136091511638
100,3,COG0097,11,1.0,1.0,0,0.0,1.3568428455352448,1.8774774212462235,0.17171136091511638
100,4,COG0097,11,1.0,1.0,0,0.0,0.49684472335564606,0.25415784847457995,0.17171136091511638
100,5,COG0097,11,1.0,1.0,0,0.0,0.7959089174968565,0.6481555467925184,0.17171136091511638
99,0,COG0097,9,1.0,1.0,0_1,52.34820162162162,40.35441856394512,149.5919031997028,0.015566295886514299
99,1,COG0097,9,1.0,1.0,0_1,25.67428864864865,25.157905107759788,2.7471829923523283,0.0503130280153116
99,2,COG0097,9,1.0,1.0,0_1,14.312811891891892,16.878509204705182,7.765006395320843,0.08557462245852218
99,3,COG0097,9,1.0,1.0,0_1,8.362404324324324,7.308576364125442,1.425981107432238,0.11388539879166214
99,4,COG0097,9,1.0,1.0,0_1,5.093596216216216,4.070904154202776,1.1674804449008898,0.13354651387929864
99,5,COG0097,9,1.0,1.0,0_1,4.83971091891892,5.260278624685338,0.3552579746172819,0.13521773431532677
97,0,COG0097,5,1.0,1.0,0_1,15.221621621621624,6.829650508103766,71.11332609467578,0.08195758292539525
97,1,COG0097,5,1.0,1.0,0_1,2.3783783783783785,4.2613394443265715,3.812163330885915,0.15262086285501303
97,2,COG0097,5,1.0,1.0,0_1,0.0,2.8562819870402953,8.284359864681843,0.17171136091511638
97,3,COG0097,5,1.0,1.0,0_1,0.0,1.2414500980912464,1.565141460820206,0.17171136091511638
97,4,COG0097,5,1.0,1.0,0_1,0.0,0.6849860711429017,0.4802593564096328,0.17171136091511638
97,5,COG0097,5,1.0,1.0,0_1,1.1891891891891893,0.888982141923674,0.10489083889950643,0.1618676573628534
98,0,COG0097,7,1.0,1.0,,3.793303648648649,0.24475151867264883,13.794335915751123,0.1423439883791103
98,1,COG0097,7,1.0,1.0,,4.604296081081081,0.14655563064543586,20.31280800161778,0.13678723736513929
98,2,COG0097,7,1.0,1.0,,1.5958067702702705,0.10281721199179955,2.441098294567647,0.1586407253720564
98,3,COG0097,7,1.0,1.0,,0.0,0.03667634114645261,0.03291863968779565,0.17171136091511638
98,4,COG0097,7,1.0,1.0,,0.07848225,0.03140682592205222,0.02117822908577811,0.1710425209952342
98,5,COG0097,7,1.0,1.0,,0.0,0.03405746199421345,0.0239957026735039,0.17171136091511638
101,0,COG0097,13,1.0,1.0,0,8.482878918918919,4.473557491137868,16.579684199217112,0.11322236525844213
101,1,COG0097,13,1.0,1.0,0,2.3783783783783785,2.88011242914054,0.44307505004102965,0.15262086285501303
101,2,COG0097,13,1.0,1.0,0,1.3477437837837838,1.864315368327782,0.3583600860532028,0.1606011506860478
101,3,COG0097,13,1.0,1.0,0,0.0,0.9259345028316184,0.8732079042122343,0.17171136091511638
101,4,COG0097,13,1.0,1.0,0,1.1891891891891893,0.3496848169133918,0.7130978751163091,0.1618676573628534
101,5,COG0097,13,1.0,1.0,0,0.0,0.5505592846880445,0.3136937286829033,0.17171136091511638
103,0,COG0100,3,1.0,1.0,0_1,473.43478027027027,453.2213413597231,1131.6999402018887,7.152755064283587e-06
103,1,COG0100,3,1.0,1.0,0_1,282.6024194594595,282.5489848946566,312.4708447137385,2.792288917058231e-05
103,2,COG0100,3,1.0,1.0,0_1,204.77495905405408,189.56289835827897,380.3438140902178,0.00011803083713563861
103,3,COG0100,3,1.0,1.0,0_1,88.13706486486488,82.0827938748992,76.40139792348057,0.003775247811334716
103,4,COG0100,3,1.0,1.0,0_1,68.50507951351352,45.72039808966941,534.468041696419,0.008033809191263626
103,5,COG0100,3,1.0,1.0,0_1,71.24689121621621,59.078297730966966,170.5579098900398,0.0072067454416130565
104,0,COG0102,3,1.0,1.0,0,5.7292052702702705,7.698785849349316,5.5979835801653115,0.12945809195904975
104,1,COG0102,3,1.0,1.0,0,11.249132702702703,4.952274729813971,40.2896948004819,0.09907535962074321
104,2,COG0102,3,1.0,1.0,0,3.1131302702702706,3.208717830493344,0.31987726946059203,0.14718930786149598
104,3,COG0102,3,1.0,1.0,0,1.5696470405405407,1.5880768314548064,0.04984307368215007,0.15884626051165107
104,4,COG0102,3,1.0,1.0,0,0.8894655,0.6065442332495588,0.11000439810609101,0.16429085197601176
104,5,COG0102,3,1.0,1.0,0,0.0,0.9490110501068706,0.9368451853090617,0.17171136091511638
105,0,COG0102,5,1.0,1.0,1,3.9502824324324326,4.0917752322807015,1.3698778165663854,0.14124997164111983
105,1,COG0102,5,1.0,1.0,1,2.432956891891892,2.40060679832524,0.476777266187591,0.15221017055918476
105,2,COG0102,5,1.0,1.0,1,0.5493767702702703,1.7225884378505332,1.6228057863373926,0.16708709756967566
105,3,COG0102,5,1.0,1.0,1,0.0,0.5503096188252218,0.3324668098296921,0.17171136091511638
105,4,COG0102,5,1.0,1.0,1,0.0,0.5802379430107668,0.36584875112729515,0.17171136091511638
105,5,COG0102,5,1.0,1.0,1,0.0,0.5870670762300731,0.37552323252407427,0.17171136091511638
107,0,COG0102,9,1.0,1.0,0,11.831543783783786,10.8902163002781,1.9919319199172012,0.09634396554213549
107,1,COG0102,9,1.0,1.0,0,7.0867214864864865,7.027966538999627,0.477363964382149,0.12116504046507821
107,2,COG0102,9,1.0,1.0,0,5.783401891891892,4.5371549773567414,1.7616290951980007,0.12911569219923372
107,3,COG0102,9,1.0,1.0,0,8.247466216216218,2.275317906262068,35.722698241689855,0.11452181300414369
107,4,COG0102,9,1.0,1.0,0,0.0,0.8325854464103777,0.7067431086262258,0.17171136091511638
107,5,COG0102,9,1.0,1.0,0,0.0,1.3342688340815234,1.8049822182236273,0.17171136091511638
108,0,COG0102,11,1.0,1.0,1,8.532557297297299,6.377909653618369,5.169771321991202,0.11295015644059496
108,1,COG0102,11,1.0,1.0,1,1.6698560540540541,3.741860346390146,4.499967453379584,0.15806045467456464
108,2,COG0102,11,1.0,1.0,1,5.009562297297298,2.685023721016877,5.513196985549047,0.1340972304921718
108,3,COG0102,11,1.0,1.0,1,1.0792993513513514,0.8577750646279139,0.07047359883441745,0.16275165617037443
108,4,COG0102,11,1.0,1.0,1,0.0,0.9044258194756125,0.8332097409809731,0.17171136091511638
108,5,COG0102,11,1.0,1.0,1,0.0,0.9150701585870867,0.8552417890546086,0.17171136091511638
106,0,COG0102,7,1.0,1.0,0_1,10.004960945945946,10.438264232817733,0.7673088124923042,0.10519030413967094
106,1,COG0102,7,1.0,1.0,0_1,10.27455554054054,6.507462389597588,14.434684474885314,0.1038319902810586
106,2,COG0102,7,1.0,1.0,0_1,3.384903918918919,4.365874796475697,1.0755535505119078,0.14523259571297056
106,3,COG0102,7,1.0,1.0,0_1,0.44932432432432434,1.8904708324215178,2.1052497383603916,0.16791932255412936
106,4,COG0102,7,1.0,1.0,0_1,1.1682432432432432,1.0529992684867906,0.023305824463560446,0.16203576113737017
106,5,COG0102,7,1.0,1.0,0_1,0.0,1.3606484785724713,1.8665380527491862,0.17171136091511638
109,0,COG0102,13,1.0,1.0,0_1,39.04025756756757,30.445508752862505,77.37332277167715,0.02759434870418491
109,1,COG0102,13,1.0,1.0,0_1,24.51010337837838,18.98045486514141,32.0827106309914,0.05308069798264619
109,2,COG0102,13,1.0,1.0,0_1,8.000863378378378,12.734040484633478,23.117080074246502,0.11590005699151203
109,3,COG0102,13,1.0,1.0,0_1,9.049639054054055,5.513976748601972,12.689186949656452,0.1101578276359137
109,4,COG0102,13,1.0,1.0,0_1,4.228797932432433,3.0713055092703163,1.4112730450479296,0.13933086515982188
109,5,COG0102,13,1.0,1.0,0_1,3.619850716216216,3.968632546559389,0.227090671931998,0.14356329283728467
112,0,COG0103,7,1.0,0.0,0_1,39.04025756756757,30.445508752862505,77.37332277167715,0.02759434870418491
112,1,COG0103,7,1.0,0.0,0_1,24.51010337837838,18.98045486514141,32.0827106309914,0.05308069798264619
112,2,COG0103,7,1.0,0.0,0_1,8.000863378378378,12.734040484633478,23.117080074246502,0.11590005699151203
112,3,COG0103,7,1.0,0.0,0_1,9.049639054054055,5.513976748601972,12.689186949656452,0.1101578276359137
112,4,COG0103,7,1.0,0.0,0_1,4.228797932432433,3.0713055092703163,1.4112730450479296,0.13933086515982188
112,5,COG0103,7,1.0,0.0,0_1,3.619850716216216,3.968632546559389,0.227090671931998,0.14356329283728467
113,0,COG0103,9,1.0,1.0,1,1.5322733243243245,3.073171522416319,7.176252219010943,0.15914039374577962
113,1,COG0103,9,1.0,1.0,1,4.345619189189189,1.8030014341591503,8.126484597665097,0.1385341740811424
113,2,COG0103,9,1.0,1.0,1,4.0693113513513515,1.2937684548671684,8.560305914960002,0.14042639080273267
113,3,COG0103,9,1.0,1.0,1,0.0,0.41331597163854206,0.26178900714972636,0.17171136091511638
113,4,COG0103,9,1.0,1.0,1,0.0,0.4357938645037931,0.2880742831846186,0.17171136091511638
113,5,COG0103,9,1.0,1.0,1,2.486813243243243,0.44092298813955705,4.28694597395309,0.1518060625608966
111,0,COG0103,5,1.0,1.0,0_1,105.31106081081082,100.6523076660841,53.10231283140221,0.0020348622114536243
111,1,COG0103,5,1.0,1.0,0_1,62.077704054054045,62.74904447273578,14.165220496296802,0.010406390252819801
111,2,COG0103,5,1.0,1.0,0_1,57.352317837837845,42.098510197212335,239.27880065085915,0.012633287363346303
111,3,COG0103,5,1.0,1.0,0_1,21.027693513513515,18.229108558146162,9.63439703623692,0.062376106114834996
111,4,COG0103,5,1.0,1.0,0_1,7.8135879459459465,10.153681108270199,6.190652768894308,0.11695850691957123
111,5,COG0103,5,1.0,1.0,0_1,10.255323756756756,13.12022825213501,9.245851622532404,0.10392826582956005
110,0,COG0103,3,1.0,1.0,0,12.93639945945946,9.436176043557577,17.823751475112374,0.09138031301052023
110,1,COG0103,3,1.0,1.0,0,7.812075135135136,5.99899440456418,5.260427043078127,0.11696709881826184
110,2,COG0103,3,1.0,1.0,0,2.9891891891891893,3.9381003559402714,1.8973906547806068,0.14809093578816204
110,3,COG0103,3,1.0,1.0,0,1.2308434864864863,1.8565260248845863,0.5139634508022978,0.16153390655078087
110,4,COG0103,3,1.0,1.0,0,0.0,0.8223780722689634,0.7842865134611431,0.17171136091511638
110,5,COG0103,3,1.0,1.0,0,0.0,1.1884910942849276,1.5293649882175782,0.17171136091511638
114,0,COG0130,3,1.0,1.0,,4.78741418918919,0.9386540082376751,18.119784574121656,0.13556473405360991
114,1,COG0130,3,1.0,1.0,,2.7991931081081085,0.5507253088872599,6.196641132768489,0.14948449699637395
114,2,COG0130,3,1.0,1.0,,0.0,0.3951602040277892,0.743864585478508,0.17171136091511638
114,3,COG0130,3,1.0,1.0,,1.8050927702702704,0.12627369231584498,2.879535690572741,0.15700651004714575
114,4,COG0130,3,1.0,1.0,,0.0,0.1330781061331508,0.0846294099580614,0.17171136091511638
114,5,COG0130,3,1.0,1.0,,1.5696470405405407,0.13466413153457568,2.127943504698856,0.15884626051165107
115,0,COG0130,5,1.0,1.0,0_1,11.170653513513512,11.403678821811434,4.37091077003122,0.09944966871789859
115,1,COG0130,5,1.0,1.0,0_1,15.617991216216218,7.145602957247569,73.32384581192979,0.08043139722745811
115,2,COG0130,5,1.0,1.0,0_1,9.522529324324324,4.766968558178503,23.393542374586097,0.10766838665830651
115,3,COG0130,5,1.0,1.0,0_1,0.10464320405405406,2.11135750636885,4.127837544906125,0.1708201874313735
115,4,COG0130,5,1.0,1.0,0_1,1.0202702702702704,1.1099687897210784,0.09257497796997216,0.16322862467049193
115,5,COG0130,5,1.0,1.0,0_1,0.7325010000000001,1.4735317770040934,0.641973673310143,0.1655752082942207
116,0,COG0130,7,1.0,1.0,0_1,23.73825,18.815957692623776,25.735666900626157,0.05500510717840507
116,1,COG0130,7,1.0,1.0,0_1,13.85235,11.73031591057508,5.145144340826929,0.08747183924091592
116,2,COG0130,7,1.0,1.0,0_1,8.214780000000001,7.869901894560861,0.42114125107133255,0.11470348718983506
116,3,COG0130,7,1.0,1.0,0_1,6.583890000000001,3.4077523243900867,10.166007526313082,0.12416899876420473
116,4,COG0130,7,1.0,1.0,0_1,0.6845640000000001,1.8981306895756567,1.5016769976325854,0.16596957206536883
116,5,COG0130,7,1.0,1.0,0_1,5.49663,2.452697463517024,9.308591174362281,0.13093843516490278
117,0,COG0130,9,1.0,1.0,0_1,126.03299472972974,108.55104681928229,342.4871401934752,0.001016347486758107
117,1,COG0130,9,1.0,1.0,0_1,62.01953202702703,67.6733064782018,48.05543447798679,0.010431064001391394
117,2,COG0130,9,1.0,1.0,0_1,56.734817702702706,45.402211408804945,136.16564124485322,0.012960505950855742
117,3,COG0130,9,1.0,1.0,0_1,19.38645202702703,19.65964678260306,2.183860123793368,0.06734667267396352
117,4,COG0130,9,1.0,1.0,0_1,7.691891891891893,10.950496207483342,11.453053963041125,0.1176518203805175
117,5,COG0130,9,1.0,1.0,0_1,12.748599310810812,14.149844591760738,3.176780757811785,0.09220442520554285
119,0,COG0130,13,1.0,1.0,0,11.353771621621622,8.109591800907394,13.338305067584617,0.09857861228156607
119,1,COG0130,13,1.0,1.0,0,5.310629189189189,5.200467386363113,1.029510575961218,0.13213527738329134
119,2,COG0130,13,1.0,1.0,0,3.270088648648649,3.3811286123191238,0.5178842459027291,0.14605584931478585
119,3,COG0130,13,1.0,1.0,0,1.2818777702702704,1.6524346481388859,0.20720152647210563,0.16112599501293043
119,4,COG0130,13,1.0,1.0,0,0.0,0.6568029427503425,0.48358207302899986,0.17171136091511638
119,5,COG0130,13,1.0,1.0,0,3.71482445945946,1.0053875490177544,7.40014496570378,0.14289429731262887
120,0,COG0130,15,1.0,1.0,1,4.395018243243243,3.846510020739415,2.6437776950850798,0.1381987424981147
120,1,COG0130,15,1.0,1.0,1,2.5375958108108105,2.256712240572387,0.8958603083559565,0.15142606202197953
120,2,COG0130,15,1.0,1.0,1,1.6742900405405408,1.619334696163944,0.42502420088672166,0.15802578030803788
120,3,COG0130,15,1.0,1.0,1,1.9097357702702704,0.5173238505284133,1.9861257150596794,0.15619611351058438
120,4,COG0130,15,1.0,1.0,1,0.0,0.5454575722823419,0.3465585395904786,0.17171136091511638
120,5,COG0130,15,1.0,1.0,1,0.0,0.5518775723734262,0.3557234536785692,0.17171136091511638
118,0,COG0130,11,1.0,1.0,0_1,14.562428378378378,14.632721327862464,1.012908986244454,0.08456451180400187
118,1,COG0130,11,1.0,1.0,0_1,8.67405810810811,9.122386785261806,0.6278131092503577,0.11217862230509902
118,2,COG0130,11,1.0,1.0,0_1,10.372620810810812,6.120234918782271,18.28245573695195,0.10334254308136721
118,3,COG0130,11,1.0,1.0,0_1,6.0016175675675685,2.6501276699151823,11.283337177049747,0.12774677352042077
118,4,COG0130,11,1.0,1.0,0_1,1.6532784594594596,1.4761309457722827,0.04981481601319379,0.1581901652495835
118,5,COG0130,11,1.0,1.0,0_1,3.940687972972973,1.907404293286074,4.1618911280672926,0.1413165804092562
121,0,COG0184,3,1.0,1.0,0_1,147.61337027027028,114.56081648870688,1133.1405556326015,0.0005227823332814693
121,1,COG0184,3,1.0,1.0,0_1,63.28330878378378,71.41994309110824,83.96883917393959,0.009909020968669165
121,2,COG0184,3,1.0,1.0,0_1,79.32239932432434,47.91583809080552,994.9212797399222,0.005264780840077696
121,3,COG0184,3,1.0,1.0,0_1,25.195933108108107,20.74807831813709,22.11795341092265,0.051431099984625195
121,4,COG0184,3,1.0,1.0,0_1,10.816692432432433,11.556750879442834,1.4734248420543086,0.10115670335337477
121,5,COG0184,3,1.0,1.0,0_1,20.574596621621623,14.933228882200114,33.16985870560345,0.06370793935330753
122,0,COG0185,3,1.0,0.0,0_1,292.52341905405405,299.0866127749259,328.18390232555396,2.4292734561433883e-05
122,1,COG0185,3,1.0,0.0,0_1,164.69013891891893,186.4578040962473,598.0419844337143,0.00032179868706333134
122,2,COG0185,3,1.0,0.0,0_1,110.41802270270271,125.09499715613886,275.06702707097617,0.0017060207581491656
122,3,COG0185,3,1.0,0.0,0_1,70.04780716216217,54.16759939075591,268.38142259365213,0.007556454929926174
122,4,COG0185,3,1.0,0.0,0_1,24.511313513513514,30.171389241021785,38.42530498153772,0.05307773796592991
122,5,COG0185,3,1.0,0.0,0_1,53.66601081081081,38.98650182327702,224.78630791086277,0.014728527839712112
123,0,COG0186,3,1.0,0.0,0_1,292.52341905405405,299.0866127749259,328.18390232555396,2.4292734561433883e-05
123,1,COG0186,3,1.0,0.0,0_1,164.69013891891893,186.4578040962473,598.0419844337143,0.00032179868706333134
123,2,COG0186,3,1.0,0.0,0_1,110.41802270270271,125.09499715613886,275.06702707097617,0.0017060207581491656
123,3,COG0186,3,1.0,0.0,0_1,70.04780716216217,54.16759939075591,268.38142259365213,0.007556454929926174
123,4,COG0186,3,1.0,0.0,0_1,24.511313513513514,30.171389241021785,38.42530498153772,0.05307773796592991
123,5,COG0186,3,1.0,0.0,0_1,53.66601081081081,38.98650182327702,224.78630791086277,0.014728527839712112
124,0,COG0197,3,1.0,1.0,0_1,116.53307027027029,120.72291888622372,62.751365628564955,0.0013876042715185038
124,1,COG0197,3,1.0,1.0,0_1,107.94770270270271,75.26159432930261,1088.1185930721474,0.0018570686800177584
124,2,COG0197,3,1.0,1.0,0_1,46.772099999999995,50.493175491248394,23.346226258384494,0.019725580106641587
124,3,COG0197,3,1.0,1.0,0_1,23.641601351351355,21.864158151633955,5.751875177618025,0.05525127886833475
124,4,COG0197,3,1.0,1.0,0_1,12.67218364864865,12.178320572388978,1.272880214841572,0.09254201814450874
124,5,COG0197,3,1.0,1.0,0_1,14.744010405405405,15.736453335374364,2.47915818906788,0.08383769985480348
126,0,COG0200,5,1.0,1.0,1,8.423779864864866,4.565397159469947,15.226389512492123,0.11354710311742278
126,1,COG0200,5,1.0,1.0,1,7.455829054054055,2.6787995824191486,22.952810211678432,0.11900918475182534
126,2,COG0200,5,1.0,1.0,1,2.0928600000000004,1.9219535761442597,0.09751595674562474,0.15478859498201772
126,3,COG0200,5,1.0,1.0,1,0.0,0.6144179474378471,0.39080965349260155,0.17171136091511638
126,4,COG0200,5,1.0,1.0,1,1.8835760405405406,0.6470402697768587,1.537603302237371,0.1563982875296343
126,5,COG0200,5,1.0,1.0,1,4.159560270270271,0.6549044870683085,12.292962023848272,0.13980534454954424
125,0,COG0200,3,1.0,1.0,0_1,54.826686486486494,50.35848592420206,28.44897234402737,0.014030927842747386
125,1,COG0200,3,1.0,1.0,0_1,31.816182432432434,31.394679523431147,3.859048657701864,0.0380549922412555
125,2,COG0200,3,1.0,1.0,0_1,18.873736486486486,21.06277816353567,6.553188559070017,0.0689848330711584
125,3,COG0200,3,1.0,1.0,0_1,8.19738695945946,9.120410812172148,1.3262659394347622,0.11480028488104332
125,4,COG0200,3,1.0,1.0,0_1,3.391501486486487,5.080101404950146,3.0362962226091548,0.14518543953148863
125,5,COG0200,3,1.0,1.0,0_1,7.269667972972973,6.564328431225567,0.7677312998547072,0.12009135611845226
127,0,COG0200,7,1.0,1.0,0,12.504860945945948,7.56300520641401,25.06791251958613,0.09328583062671429
127,1,COG0200,7,1.0,1.0,0,5.9123437837837844,4.880382547642181,1.3383106927424628,0.12830493519821665
127,2,COG0200,7,1.0,1.0,0,1.4911637702702705,3.15097813968007,2.875209388548595,0.15946459613878794
127,3,COG0200,7,1.0,1.0,0,0.0,1.579675227034371,2.526624092570897,0.17171136091511638
127,4,COG0200,7,1.0,1.0,0,0.0,0.5786336047398156,0.3424297427020497,0.17171136091511638
127,5,COG0200,7,1.0,1.0,0,0.0,0.9267544245981194,0.8726495417986045,0.17171136091511638
128,0,COG0201,3,1.0,1.0,1,1.7789330405405406,4.385282663691656,7.083618524604656,0.15720979796395132
128,1,COG0201,3,1.0,1.0,1,10.098063783783784,2.5729011024224047,56.74092990217349,0.10471909332433796
128,2,COG0201,3,1.0,1.0,1,0.0,1.8461444033917,3.4673998820658625,0.17171136091511638
128,3,COG0201,3,1.0,1.0,1,1.7266115405405404,0.5899060072510613,1.3032811509321132,0.15761722852909588
128,4,COG0201,3,1.0,1.0,1,1.3080395405405407,0.6217518491891584,0.4788462850321327,0.16091731087625075
128,5,COG0201,3,1.0,1.0,1,0.0,0.6291436602681096,0.4050638169684163,0.17171136091511638
129,0,COG0201,5,1.0,1.0,0,3.71482445945946,7.055460543893228,11.740892704545978,0.14289429731262887
129,1,COG0201,5,1.0,1.0,0,3.1131302702702706,4.552976466008599,2.3195000411343623,0.14718930786149598
129,2,COG0201,5,1.0,1.0,0,4.6827752702702705,2.9395113460384352,3.146848547814756,0.1362618790752595
129,3,COG0201,5,1.0,1.0,0,0.0,1.4738056780537299,2.2003294980539474,0.17171136091511638
129,4,COG0201,5,1.0,1.0,0,0.0,0.5396786776122195,0.29787660250004655,0.17171136091511638
129,5,COG0201,5,1.0,1.0,0,0.418572,0.8645213966452602,0.21110040088271234,0.16817599993710955
130,0,COG0201,7,1.0,1.0,0_1,25.94965837837838,33.1793331354794,56.815380866313845,0.04968121216608621
130,1,COG0201,7,1.0,1.0,0_1,16.939133513513514,20.684786059758235,15.9717180673452,0.0755594442843094
130,2,COG0201,7,1.0,1.0,0_1,16.197259324324325,13.877481070524448,6.2969607791570885,0.07825522683127985
130,3,COG0201,7,1.0,1.0,0_1,1.1282470405405405,6.009098843715375,24.06063165208975,0.16235726964159117
130,4,COG0201,7,1.0,1.0,0_1,7.202225175675676,3.34709035346082,14.950696790061194,0.12048598529513113
130,5,COG0201,7,1.0,1.0,0_1,2.797428635135135,4.324991985631366,2.4650765957816727,0.14949750392833064
132,0,COG0201,11,1.0,1.0,0,12.295562702702703,7.902027494828697,21.350655405700515,0.09422521514275428
132,1,COG0201,11,1.0,1.0,0,7.2203710810810815,5.0789524697236805,5.3390943957393056,0.12037967244256138
132,2,COG0201,11,1.0,1.0,0,0.0,3.2937271043223975,11.218028398578728,0.17171136091511638
132,3,COG0201,11,1.0,1.0,0,0.7848225,1.6248504050657908,0.7615208123541316,0.16514590943967739
132,4,COG0201,11,1.0,1.0,0,0.0,0.6270781305424105,0.42984515264357637,0.17171136091511638
132,5,COG0201,11,1.0,1.0,0,3.270088648648649,0.97551398384712,5.308214169586743,0.14605584931478585
133,0,COG0201,13,1.0,1.0,1,5.127511081081082,4.067523950919819,2.7628175931268952,0.13332493388094283
133,1,COG0201,13,1.0,1.0,1,4.21187972972973,2.3863793381997076,3.9078523203710747,0.13944664589768213
133,2,COG0201,13,1.0,1.0,1,0.0,1.7123788980505814,3.22994587026586,0.17171136091511638
133,3,COG0201,13,1.0,1.0,1,0.0,0.547048713040635,0.3341509429958466,0.17171136091511638
133,4,COG0201,13,1.0,1.0,1,0.7063412702702704,0.5767983627663589,0.0517825787472017,0.16579029335699352
133,5,COG0201,13,1.0,1.0,1,0.0,0.5835874318636938,0.3774220415876084,0.17171136091511638
131,0,COG0201,9,1.0,1.0,0_1,7.422114594594595,9.393572797472395,4.406088801629603,0.11920439837732617
131,1,COG0201,9,1.0,1.0,0_1,4.748886486486486,5.856176881527118,1.44336761345962,0.13582097869150778
131,2,COG0201,9,1.0,1.0,0_1,0.5031939459459459,3.928925519666958,11.83610451744558,0.16747069583784907
131,3,COG0201,9,1.0,1.0,0_1,1.352333837837838,1.7012670871099462,0.14656682012604205,0.160564643173687
131,4,COG0201,9,1.0,1.0,0_1,1.478131891891892,0.9476120802841305,0.2900540996259042,0.15956751578538297
131,5,COG0201,9,1.0,1.0,0_1,0.5031939459459459,1.2244708746743742,0.5333589315036854,0.16747069583784907
135,0,COG0201,17,1.0,1.0,0,10.464831891891892,9.332724854749582,2.16245166214605,0.1028845540060913
135,1,COG0201,17,1.0,1.0,0,2.4049577027027027,6.0229024826876145,13.466573135711927,0.15242071201396523
135,2,COG0201,17,1.0,1.0,0,6.239905135135136,3.888258121639629,5.695272780223062,0.1262695423690479
135,3,COG0201,17,1.0,1.0,0,0.7366547027027028,1.9499813845423695,1.5165383303624633,0.16554108384300678
135,4,COG0201,17,1.0,1.0,0,0.0,0.7134464209432999,0.5192793567705923,0.17171136091511638
135,5,COG0201,17,1.0,1.0,0,1.9716324864864865,1.143424290254909,0.7050799312230978,0.15571885236675972
136,0,COG0201,19,1.0,1.0,1,5.199907837837838,5.687252199976121,0.6557644319772477,0.13285324169789361
136,1,COG0201,19,1.0,1.0,1,4.008275945945946,3.3366580705566764,0.6151376697263684,0.1408480657469907
136,2,COG0201,19,1.0,1.0,1,4.2899167567567575,2.3942651866237314,3.680559918144244,0.13891344502294273
136,3,COG0201,19,1.0,1.0,1,1.2349777837837839,0.7648875074727663,0.23798339891101958,0.16150082078722527
136,4,COG0201,19,1.0,1.0,1,1.581640054054054,0.8064864120648267,0.6129480684393878,0.15875199718383165
136,5,COG0201,19,1.0,1.0,1,0.0,0.8159781138819149,0.6800235466312985,0.17171136091511638
134,0,COG0201,15,1.0,1.0,0_1,14.003615675675677,17.183574100756346,11.721709915714948,0.08684369117457537
134,1,COG0201,15,1.0,1.0,0_1,7.3175227027027026,10.712649123018965,12.202794064094318,0.11981217667477473
134,2,COG0201,15,1.0,1.0,0_1,2.8415786486486487,7.187146388189602,19.197676321032972,0.1491724100269484
134,3,COG0201,15,1.0,1.0,0_1,2.0801109729729728,3.11211183293303,1.143289014291251,0.15488614831299108
134,4,COG0201,15,1.0,1.0,0_1,0.0,1.7334578388231288,3.0324198144656287,0.17171136091511638
134,5,COG0201,15,1.0,1.0,0_1,2.934440648648649,2.2399130195538235,0.524135471735346,0.14849107839127382
137,0,COG0201,21,1.0,1.0,0_1,73.67845135135136,79.51360834473094,52.88501908534711,0.0065504681876021225
137,1,COG0201,21,1.0,1.0,0_1,56.381915675675685,49.57067614151137,54.650027300701964,0.013151620235552944
137,2,COG0201,21,1.0,1.0,0_1,34.98807891891892,33.257105866095785,6.9826335160603215,0.03301544466528608
137,3,COG0201,21,1.0,1.0,0_1,15.291717567567568,14.400685210066266,1.8905964419567818,0.0816854538645202
137,4,COG0201,21,1.0,1.0,0_1,8.882384594594596,8.021235097546974,1.1802127519289793,0.11105290714072406
137,5,COG0201,21,1.0,1.0,0_1,13.038214864864866,10.364756803139517,7.7826980387828675,0.09093680548447418
138,0,COG0244,3,1.0,1.0,,0.3700759864864865,0.16112019442271575,1.0299678310966012,0.168581623262827
138,1,COG0244,3,1.0,1.0,,3.433502432432433,0.09452778101029252,11.488865675943105,0.14488561841039227
138,2,COG0244,3,1.0,1.0,,2.960613648648649,0.06782967134389077,8.543402600880258,0.14829964378902652
138,3,COG0244,3,1.0,1.0,,1.192471864864865,0.021669383170810134,1.3889104377038328,0.1618413287069791
138,4,COG0244,3,1.0,1.0,,0.0,0.022847742883351122,0.02046894133824274,0.17171136091511638
138,5,COG0244,3,1.0,1.0,,0.0,0.02311668774334683,0.021010287249159758,0.17171136091511638
139,0,COG0244,5,1.0,1.0,0_1,17.784262297297296,16.3693337978395,4.2712690905220505,0.07260864132046435
139,1,COG0244,5,1.0,1.0,0_1,14.947015945945946,10.210933180400204,23.314268218981343,0.08303301134713825
139,2,COG0244,5,1.0,1.0,0_1,2.0971030135135136,6.846146106843073,22.981962800448578,0.1547561426536085
139,3,COG0244,5,1.0,1.0,0_1,2.0765456351351355,2.9721338079172184,0.8849583724897312,0.15491344133534043
139,4,COG0244,5,1.0,1.0,0_1,0.0,1.6447436840778058,2.7480864858340173,0.17171136091511638
139,5,COG0244,5,1.0,1.0,0_1,1.9326267162162167,2.1316670942241838,0.0948582512857131,0.15601942973909924
140,0,COG0244,7,1.0,1.0,0_1,49.36627027027028,39.71030005934886,98.64895216933914,0.017658142169397095
140,1,COG0244,7,1.0,1.0,0_1,29.986713513513518,24.7563462997421,29.699828780165898,0.041331761074436986
140,2,COG0244,7,1.0,1.0,0_1,14.840439864864866,16.609102272437735,4.247057668045584,0.08345443413981385
140,3,COG0244,7,1.0,1.0,0_1,13.890781081081082,7.191920259393604,45.17468817665599,0.08731179239841556
140,4,COG0244,7,1.0,1.0,0_1,3.927406283783784,4.005926271000104,0.1224646095926892,0.14140884254909958
140,5,COG0244,7,1.0,1.0,0_1,4.7000147297297294,5.176316498056676,0.39714133162145,0.13614676151356464
141,0,COG0244,9,1.0,0.0,0_1,230.51149702702705,178.85911776777394,2772.3427060007225,6.824720702574638e-05
141,1,COG0244,9,1.0,0.0,0_1,136.14585054054055,111.50503148320887,652.5555527782118,0.0007388960011730399
141,2,COG0244,9,1.0,0.0,0_1,72.74063216216217,74.8090388368537,26.0331885745929,0.006795535391577096
141,3,COG0244,9,1.0,0.0,0_1,26.507838959459463,32.3931199393816,40.52145679074324,0.04842639291180445
141,4,COG0244,9,1.0,0.0,0_1,18.98965937837838,18.04308800495061,3.2031101401818667,0.06861076670392835
141,5,COG0244,9,1.0,0.0,0_1,18.226743135135138,23.314641308312773,29.251600543599498,0.07111294854103774
147,0,COG0256,13,1.0,1.0,1,0.6016982702702703,4.325949449249587,14.146903218387612,0.1666536373758203
147,1,COG0256,13,1.0,1.0,1,4.290358918918919,2.538033084374303,3.1779355347970943,0.13891043005567474
147,2,COG0256,13,1.0,1.0,1,4.185720000000001,1.8211701250177508,5.64764090208469,0.1396258728470486
147,3,COG0256,13,1.0,1.0,1,0.0,0.5818528711697268,0.34914923811312276,0.17171136091511638
147,4,COG0256,13,1.0,1.0,1,0.0,0.6134024123905732,0.3838895853721765,0.17171136091511638
147,5,COG0256,13,1.0,1.0,1,0.8109842702702703,0.620651470550744,0.045139362412571785,0.16493169483634898
148,0,COG0256,15,1.0,1.0,0,1.1249132702702704,6.8876667124478885,33.77311106190092,0.16238409862975908
148,1,COG0256,15,1.0,1.0,0,5.546087162162163,4.444740109948799,1.4521367274263242,0.13062214054376978
148,2,COG0256,15,1.0,1.0,0,3.2962483783783787,2.869600321248346,0.2865729287336124,0.14586784261403643
148,3,COG0256,15,1.0,1.0,0,0.0,1.4388101367790955,2.097591639054696,0.17171136091511638
148,4,COG0256,15,1.0,1.0,0,0.0,0.5267959618958319,0.28384249677476836,0.17171136091511638
148,5,COG0256,15,1.0,1.0,0,0.0,0.8439458480555488,0.7240342560647095,0.17171136091511638
142,0,COG0256,3,1.0,1.0,0_1,7.360465945945947,11.382918002658258,16.968116077542586,0.11956223782730077
142,1,COG0256,3,1.0,1.0,0_1,1.6489336216216215,7.09638203574927,30.003783143113235,0.15822417990724075
142,2,COG0256,3,1.0,1.0,0_1,5.639828108108109,4.760982641339018,0.9243080873513048,0.1300248628281706
142,3,COG0256,3,1.0,1.0,0_1,3.058894054054054,2.0615567868281794,1.0320517603503019,0.14758313781779608
142,4,COG0256,3,1.0,1.0,0_1,0.0,1.1482947799270908,1.331457467524843,0.17171136091511638
142,5,COG0256,3,1.0,1.0,0_1,0.0,1.4837859740451538,2.2213024818199703,0.17171136091511638
143,0,COG0256,5,1.0,1.0,0_1,64.13388486486487,56.07863614741065,75.77557809185961,0.009573654482455389
143,1,COG0256,5,1.0,1.0,0_1,26.044662972972972,34.96075664015764,84.2081251185113,0.04946520436793435
143,2,COG0256,5,1.0,1.0,0_1,34.40025567567567,23.455269833749018,122.0410692103357,0.0338924309233606
143,3,COG0256,5,1.0,1.0,0_1,4.785223662162163,10.1563845859879,29.45115744689819,0.13557928929001833
143,4,COG0256,5,1.0,1.0,0_1,8.726005337837838,5.657143900928054,9.650783583018681,0.11189678824784056
143,5,COG0256,5,1.0,1.0,0_1,3.866699148648649,7.309961623168833,12.197248677454418,0.1418313641322817
145,0,COG0256,9,1.0,1.0,1,4.081081081081082,4.311995204950529,0.4698053520757006,0.14034523169907634
145,1,COG0256,9,1.0,1.0,1,1.3341992702702705,2.5298107178764164,1.584533360464796,0.16070892987506327
145,2,COG0256,9,1.0,1.0,1,0.8894655,1.8152981976076135,0.9384842807939087,0.16429085197601176
145,3,COG0256,9,1.0,1.0,1,0.0,0.5799310377556199,0.34933652801658727,0.17171136091511638
145,4,COG0256,9,1.0,1.0,1,0.0,0.6114632159174936,0.3843883897436807,0.17171136091511638
145,5,COG0256,9,1.0,1.0,1,0.0,0.6186620833561721,0.39455916531008234,0.17171136091511638
146,0,COG0256,11,1.0,1.0,0,4.499657162162162,7.206757774847023,8.042040535476799,0.1374910653730833
146,1,COG0256,11,1.0,1.0,0,5.650726081081081,4.648718353969361,1.2958127718017851,0.12995561412639114
146,2,COG0256,11,1.0,1.0,0,2.7991931081081085,3.0026868859379645,0.17310269192064204,0.14948449699637395
146,3,COG0256,11,1.0,1.0,0,0.4708935,1.503008684429984,1.0958726427774261,0.16773954133863686
146,4,COG0256,11,1.0,1.0,0,0.0,0.5533596765573526,0.3157045525521285,0.17171136091511638
146,5,COG0256,11,1.0,1.0,0,0.0,0.8837361398475749,0.7961229195243571,0.17171136091511638
144,0,COG0256,7,1.0,1.0,0_1,65.89930297297298,73.7192843683302,77.6694095583637,0.008916234439351306
144,1,COG0256,7,1.0,1.0,0_1,48.218700810810816,45.95835664963423,12.336501881247926,0.018542349377968444
144,2,COG0256,7,1.0,1.0,0_1,38.48410662162163,30.833590572082763,62.01400286984796,0.028278113124289243
144,3,COG0256,7,1.0,1.0,0_1,10.980779594594594,13.351276972579129,6.574008039111866,0.10036152018478073
144,4,COG0256,7,1.0,1.0,0_1,8.561787972972972,7.436710815306379,1.6459916232217324,0.11279031461711249
144,5,COG0256,7,1.0,1.0,0_1,9.998519716216219,9.609455162272985,0.7028823105806702,0.10522298775502002
151,0,COG0532,7,1.0,1.0,0,9.470209864864865,7.684175922100495,5.618675713004417,0.10794084368436772
151,1,COG0532,7,1.0,1.0,0,3.13929,4.930484655404133,4.091556992043639,0.1469997512017535
151,2,COG0532,7,1.0,1.0,0,0.07848225,3.2035500834866775,10.202551422081179,0.1710425209952342
151,3,COG0532,7,1.0,1.0,0,0.02616075,1.5693361808043071,2.4435391219249736,0.17148810642381548
151,4,COG0532,7,1.0,1.0,0,2.5899152702702706,0.619200300073953,3.927989031536595,0.1510356173229767
151,5,COG0532,7,1.0,1.0,0,0.0,0.9516372419641307,0.9564299575859131,0.17171136091511638
152,0,COG0532,9,1.0,1.0,1,0.26160750000000005,3.8077094433023504,14.649408616846879,0.16949262250577837
152,1,COG0532,9,1.0,1.0,1,1.4388422702702703,2.2339480338869766,1.3564420323378772,0.15987823374618892
152,2,COG0532,9,1.0,1.0,1,5.2844694594594595,1.6030001368471543,13.927438058534124,0.13230453535462872
152,3,COG0532,9,1.0,1.0,1,0.6016982702702703,0.512105159510331,0.05032419389710485,0.1666536373758203
152,4,COG0532,9,1.0,1.0,1,0.0,0.5399557168010248,0.3351276863607443,0.17171136091511638
152,5,COG0532,9,1.0,1.0,1,0.0,0.5463107580000472,0.3439897977321351,0.17171136091511638
149,0,COG0532,3,1.0,1.0,0_1,89.09950378378379,91.96049848776809,33.723580051274624,0.003642934073062589
149,1,COG0532,3,1.0,1.0,0_1,77.1743360810811,57.33036373579662,404.96438158776857,0.005718376610583911
149,2,COG0532,3,1.0,1.0,0_1,32.43658945945946,38.46310206986486,41.71099403561354,0.037007917966735665
149,3,COG0532,3,1.0,1.0,0_1,20.77152405405406,16.654937664778725,18.42588632678384,0.06312539751346494
149,4,COG0532,3,1.0,1.0,0_1,12.79251872972973,9.276862079506937,12.949873654380799,0.09201098959950813
149,5,COG0532,3,1.0,1.0,0_1,13.356245391891893,11.987233659285407,2.7296799417213453,0.08956617071841498
150,0,COG0532,5,1.0,1.0,0_1,61.269961351351355,75.46477259626892,218.37006609550505,0.010754733061766872
150,1,COG0532,5,1.0,1.0,0_1,47.94276594594595,47.04653555959946,8.205329399811546,0.018762003129928227
150,2,COG0532,5,1.0,1.0,0_1,32.3118268918919,31.563652859445035,4.134916828837769,0.037215975193534555
150,3,COG0532,5,1.0,1.0,0_1,28.31655148648649,13.667401809971038,215.58210045957492,0.04458792849327913
150,4,COG0532,5,1.0,1.0,0_1,8.981986472972974,7.612793522754342,2.2689283253707275,0.11051894953383826
150,5,COG0532,5,1.0,1.0,0_1,7.450958243243243,9.836983020232745,6.263903208200178,0.11903736672164057
154,0,COG0532,13,1.0,1.0,1,7.481988783783783,4.4505163491483355,9.543527070885407,0.1188579487976399
154,1,COG0532,13,1.0,1.0,1,3.034651081081081,2.6110976946994318,0.31370515551900097,0.1477595371311212
154,2,COG0532,13,1.0,1.0,1,1.2295562702702703,1.8736126118373182,0.48544406486247116,0.16154420929408336
154,3,COG0532,13,1.0,1.0,1,2.6945541891891898,0.5985836910389255,4.405362683950312,0.15025793161348636
154,4,COG0532,13,1.0,1.0,1,0.0,0.631086391436723,0.4076042221480747,0.17171136091511638
154,5,COG0532,13,1.0,1.0,1,0.28776927027027027,0.6385299974358001,0.13373996720735754,0.16927241939692342
155,0,COG0532,15,1.0,1.0,0,6.566357432432433,7.473945819679723,1.4842160917469485,0.1242751579283044
155,1,COG0532,15,1.0,1.0,0,12.269402972972973,4.822122748338956,55.73695810404144,0.09434333314528344
155,2,COG0532,15,1.0,1.0,0,0.209286,3.1139320337411927,8.559737676792738,0.1699339240035008
155,3,COG0532,15,1.0,1.0,0,2.380637432432433,1.560070828054783,0.7036056178198676,0.15260384060572874
155,4,COG0532,15,1.0,1.0,0,0.0,0.572700088312958,0.3364450816474975,0.17171136091511638
155,5,COG0532,15,1.0,1.0,0,0.9941085,0.9161235313645172,0.0203101764061037,0.16344049208880812
153,0,COG0532,11,1.0,1.0,0_1,14.482375135135136,12.756905450421831,3.7476908678977106,0.08488706815845448
153,1,COG0532,11,1.0,1.0,0_1,17.65447135135135,7.952958516347429,94.44547734890564,0.07305370533410509
153,2,COG0532,11,1.0,1.0,0_1,4.134112432432432,5.33566220827365,1.5962392070707772,0.13998016742714064
153,3,COG0532,11,1.0,1.0,0_1,6.838171891891892,2.3103992319105595,20.539536564855617,0.12264012160689174
153,4,COG0532,11,1.0,1.0,0_1,0.0,1.2869009451989315,1.6701664174539874,0.17171136091511638
153,5,COG0532,11,1.0,1.0,0_1,4.5241156756756755,1.6628879673152093,8.207710199388984,0.13732620729722825
156,0,COG0541,3,1.0,1.0,0_1,576.6662667567568,517.1473723730489,4553.379482522332,6.725536632153932e-06
156,1,COG0541,3,1.0,1.0,0_1,319.01061000000004,322.40348811332706,445.5225778598584,1.7522165402673928e-05
156,2,COG0541,3,1.0,1.0,0_1,257.1648754054054,216.3002832350142,1875.9757631880907,4.1721232963306404e-05
156,3,COG0541,3,1.0,1.0,0_1,147.83172,93.6623135555689,2988.4989910994914,0.0005194318447398543
156,4,COG0541,3,1.0,1.0,0_1,44.235971594594595,52.16751315469187,83.61723124344411,0.02200093638684371
156,5,COG0541,3,1.0,1.0,0_1,82.78880440540541,67.41064919334211,266.9425980265657,0.00461354823341712
158,0,COG0552,5,1.0,1.0,0_1,101.35877567567567,96.5239807363364,51.04169563990934,0.0023377536305620368
158,1,COG0552,5,1.0,1.0,0_1,59.924091891891884,60.17534719624482,12.194847153064433,0.011363539199960438
158,2,COG0552,5,1.0,1.0,0_1,52.53703783783784,40.37180946496501,153.85134323277057,0.015443151395965825
158,3,COG0552,5,1.0,1.0,0_1,30.317575675675677,17.48142853459865,166.3793758804194,0.04071746135539771
158,4,COG0552,5,1.0,1.0,0_1,7.416132432432433,9.737220560794176,6.032956019071415,0.11923907187783275
158,5,COG0552,5,1.0,1.0,0_1,18.025156756756758,12.582092635836798,30.561668174889473,0.07179024215237266
157,0,COG0552,3,1.0,1.0,1,5.80768445945946,2.9230209726888905,12.857993510409885,0.12896259380365538
157,1,COG0552,3,1.0,1.0,1,3.531706351351352,1.714910305586411,4.870344863377838,0.14418715944747482
157,2,COG0552,3,1.0,1.0,1,0.0,1.2305568085790133,2.3234797849636184,0.17171136091511638
157,3,COG0552,3,1.0,1.0,1,0.0,0.39312300942264716,0.2403751193587358,0.17171136091511638
157,4,COG0552,3,1.0,1.0,1,0.0,0.41450072056864184,0.26450428656866143,0.17171136091511638
157,5,COG0552,3,1.0,1.0,1,1.8312545405405405,0.41937986083844725,2.089010942323519,0.15680348537380207
160,0,COG0552,9,1.0,1.0,0_1,44.40202702702703,31.249648634038056,176.44556716793124,0.02184362235475023
160,1,COG0552,9,1.0,1.0,0_1,25.77180175675676,19.481774808381896,41.059001930054364,0.05008831403135148
160,2,COG0552,9,1.0,1.0,0_1,12.989391756756756,13.070377442748361,0.718593469431116,0.09114919195264792
160,3,COG0552,9,1.0,1.0,0_1,17.181216351351353,5.659614275746552,132.93712450705738,0.0747013479779264
160,4,COG0552,9,1.0,1.0,0_1,3.1912898108108108,3.152426152296071,0.07459047267987408,0.1466237236048558
160,5,COG0552,9,1.0,1.0,0_1,10.539857162162162,4.073453777510888,41.92163619346835,0.10251351645256829
159,0,COG0552,7,1.0,1.0,0,12.714138783783785,9.299377345363109,17.07484931448136,0.09235650397671676
159,1,COG0552,7,1.0,1.0,0,16.324324324324326,5.909764070855024,110.3787541700208,0.07778632211265121
159,2,COG0552,7,1.0,1.0,0,0.15696470405405405,3.8811768321939,14.838501894619421,0.17037644331238147
159,3,COG0552,7,1.0,1.0,0,5.886184054054054,1.8267415931773034,16.597530665858645,0.1284689829373067
159,4,COG0552,7,1.0,1.0,0,0.0,0.8129753929125709,0.7661353055753214,0.17171136091511638
159,5,COG0552,7,1.0,1.0,0,0.6016982702702703,1.1720691006772028,0.43896538147801223,0.1666536373758203
163,0,COG0552,15,1.0,1.0,0_1,8.131276216216218,8.182725231195517,1.0615143331243504,0.11516900529121574
163,1,COG0552,15,1.0,1.0,0_1,5.545945945945946,5.109749898300523,0.5841086107187015,0.13062304251046547
163,2,COG0552,15,1.0,1.0,0_1,1.793048108108108,3.4218524506109422,2.8471695061603284,0.15710007472995258
163,3,COG0552,15,1.0,1.0,0_1,3.877988108108108,1.49268744156719,5.720597170955802,0.1417526915941804
163,4,COG0552,15,1.0,1.0,0_1,1.0424714594594595,0.8160549062016222,0.07120035167034008,0.16304906012419582
163,5,COG0552,15,1.0,1.0,0_1,2.0015464864864865,1.0636177831031883,0.90340582300621,0.1554887525094506
166,0,COG0552,21,1.0,1.0,0_1,3.9371824324324325,8.045730473143486,17.92019107421232,0.14134092566693154
166,1,COG0552,21,1.0,1.0,0_1,5.0219162162162165,5.02420273262577,0.3872754862975573,0.13401611794817686
166,2,COG0552,21,1.0,1.0,0_1,2.490875675675676,3.3645639757671275,0.9539001809569215,0.1517756265804488
166,3,COG0552,21,1.0,1.0,0_1,7.231548648648649,1.4676969464537517,33.25250763674554,0.12031423519232225
166,4,COG0552,21,1.0,1.0,0_1,2.008763513513514,0.8023925576229288,1.4747592298185928,0.15543329287949348
166,5,COG0552,21,1.0,1.0,0_1,6.267354054054055,1.045810749781263,27.287692301657298,0.12610054656617584
161,0,COG0552,11,1.0,1.0,1,6.409399054054055,3.7650533937052044,9.849052574183904,0.12522984595308026
161,1,COG0552,11,1.0,1.0,1,5.886184054054054,2.208923255862032,14.515929006039102,0.1284689829373067
161,2,COG0552,11,1.0,1.0,1,0.0,1.5850423658660218,3.025341780638696,0.17171136091511638
161,3,COG0552,11,1.0,1.0,1,1.1772347702702701,0.5063697146658171,0.5066363319043141,0.16196357605187023
161,4,COG0552,11,1.0,1.0,1,1.2033965405405407,0.5339055742325152,0.5075665688958712,0.1617537402270114
161,5,COG0552,11,1.0,1.0,1,1.4650040405405405,0.5401902804513098,0.9169881752039709,0.15967126468215476
162,0,COG0552,13,1.0,1.0,0,11.903146351351353,8.134242905219319,16.437600217805954,0.09601373900387954
162,1,COG0552,13,1.0,1.0,0,7.848225,5.226744271957823,7.690289317892081,0.1167619718032191
162,2,COG0552,13,1.0,1.0,0,4.107240810810811,3.390627987220542,0.9162721322020071,0.14016502362270075
162,3,COG0552,13,1.0,1.0,0,2.485276351351352,1.6707436074935473,0.7230937291410446,0.1518175787342219
162,4,COG0552,13,1.0,1.0,0,0.0,0.6471353647996537,0.4592532598313646,0.17171136091511638
162,5,COG0552,13,1.0,1.0,0,5.8600039189189195,1.0047036860134015,23.62110774502561,0.12863338186629827
165,0,COG0552,19,1.0,1.0,,4.901992027027028,0.4740471437898654,22.498230006139732,0.13480571702220057
165,1,COG0552,19,1.0,1.0,,2.310361364864865,0.27811905959072036,5.1272039261064055,0.15313432477989208
165,2,COG0552,19,1.0,1.0,,1.667476472972973,0.1995681803596788,2.668454496756042,0.15807906664701135
165,3,COG0552,19,1.0,1.0,,0.0,0.06375534832871377,0.05726398792817584,0.17171136091511638
165,4,COG0552,19,1.0,1.0,,1.1250440405405406,0.06722272210334716,1.177481090021585,0.1623830461488236
165,5,COG0552,19,1.0,1.0,,0.0,0.06801388065169163,0.06468029099498991,0.17171136091511638
164,0,COG0552,17,1.0,1.0,0_1,19.503127702702702,14.284032327415243,28.218187357004414,0.06697971624334814
164,1,COG0552,17,1.0,1.0,0_1,4.806793783783784,8.905005762376534,17.209505630191973,0.13543603616513153
164,2,COG0552,17,1.0,1.0,0_1,8.555605945945945,5.974393379910833,6.856198429569395,0.11282409966152238
164,3,COG0552,17,1.0,1.0,0_1,4.185810810810811,2.5869767120328158,2.605422436393987,0.1396252502559909
164,4,COG0552,17,1.0,1.0,0_1,3.70284,1.4409556279022924,5.133867550404663,0.1429785330246155
164,5,COG0552,17,1.0,1.0,0_1,5.243768513513514,1.8619519893999714,11.463339987392075,0.13256833579757307
