-6.71657544e-02,-8.01047381e-02,-1.99319530e-02,-2.96884943e-02,-8.45954649e-02,-1.04839500e-01,-4.55631284e-02,5.31964087e-03,-1.20252026e-03,-5.24811341e-02,3.49490588e-02,-1.66219793e-02,-5.10781986e-02,-5.65426190e-02,6.65471378e-02,2.72111275e-02,-8.12131653e-02,-6.36088487e-02,-4.23391719e-02,2.80603785e-03,-9.96793195e-02,-8.40853391e-02,7.71227058e-03,-9.55913251e-03,-1.38243510e-02,1.45630370e-02,1.17536331e-02,-2.49199274e-02,-6.12651111e-03,7.17123592e-02,5.58861220e-02,-3.95250681e-03,3.88335627e-02,4.82270619e-02,-5.12393420e-02,-9.69679831e-03,3.48263715e-02,2.23833720e-02,5.78073753e-03,1.02449000e-01,4.21375214e-02,-4.23298560e-02,-3.73290683e-02,6.94297146e-02,3.27771723e-02,-7.99990968e-02,7.82985668e-03,-2.47360754e-03,-9.12776183e-02,9.83329706e-03,1.47688954e-02,5.34393099e-02,8.63200720e-02,1.48680394e-01,8.13423222e-02,-1.65562006e-02,1.24169925e-01,7.23693466e-02,-1.14253084e-01,-4.53621931e-02,-5.07749950e-02,-9.22276985e-02,-1.54105089e-02,-2.76794313e-03,-7.41542207e-02,-3.61030904e-02,-6.97575104e-02,-4.75434791e-02,8.26908832e-02,2.21387643e-02,-1.27326078e-01,-1.62418036e-01,-3.34526576e-02,-7.07236548e-02,1.01312622e-02,-7.21922948e-02,-4.35119096e-02,-4.84445913e-02,-2.88866355e-02,6.95192718e-02,6.46186747e-02,6.60962853e-03,2.42956665e-02,-1.97686304e-02,2.82764608e-02,8.13161136e-03,5.23131871e-02,2.60826829e-02,-4.21357481e-02,8.77811823e-02,4.36669093e-02,3.30915141e-02,2.32973789e-02,3.96567644e-02,6.41426442e-02,9.39202317e-02,1.12705014e-01,4.69270942e-02,1.61110109e-01,1.05935770e-01,3.88361926e-02,5.34401070e-02,2.74793938e-02,9.64716181e-02,7.77905936e-02,2.77669180e-02,1.17276538e-01,7.94332744e-02,-2.17571864e-02,5.33363783e-02,-3.47987211e-02,4.15186696e-02,2.93357625e-02,9.73258686e-02,8.32663543e-02,6.49491825e-02,3.67609730e-02,1.20749601e-01,1.03924772e-01,1.05486319e-01,1.77420746e-01,3.20480325e-02,2.56512154e-02,1.52686863e-01,1.41900049e-01,1.44285275e-01,-4.73479673e-02,5.58272635e-02,4.68351143e-02,1.04106655e-01,-1.01601782e-01,6.02215932e-02,8.83048078e-02,1.53798843e-01,1.40207694e-01,1.86544907e-01,1.19566895e-01,-2.49150221e-01,4.93071577e-02,4.20750088e-02,4.40105699e-02,3.46431864e-02,-3.27035002e-02,-1.31259196e-01,-2.86873453e-01,-2.91728773e-01,-1.25604152e-01
-5.24401452e-02,-2.36737287e-02,-3.89647772e-02,-5.31854593e-02,6.46318124e-03,-1.09702152e-02,2.56714415e-02,-8.12798966e-03,-2.40359574e-02,-1.65948986e-02,6.72249578e-02,-6.32294781e-02,-1.73230838e-02,-2.91560105e-03,-9.95235757e-02,6.11830327e-02,2.43267693e-02,3.32111259e-02,4.08725128e-02,3.77175316e-02,4.29994247e-02,6.83604855e-03,-1.28281331e-02,6.03536056e-02,3.20213271e-02,1.07311343e-01,-4.51574438e-03,6.92216064e-02,5.75390066e-02,-5.77823807e-02,1.19586280e-01,-3.26538817e-02,9.40737103e-04,-3.18029522e-02,5.88932748e-02,7.18642979e-02,-1.88459995e-03,7.71488427e-02,8.99429535e-02,1.96091279e-01,2.50884475e-02,-2.56248378e-02,-6.82928449e-03,-9.10648571e-02,2.55032945e-02,-6.35582747e-02,3.24415009e-02,1.97055144e-02,4.47363540e-02,1.02172097e-01,2.91161546e-03,-1.41432561e-01,-4.32815970e-02,-1.11981370e-02,-1.01659293e-01,1.16153075e-01,2.23994400e-02,1.42676262e-01,2.73112039e-02,4.22926573e-02,7.53206961e-02,6.48991662e-02,3.07225171e-02,4.95818355e-02,4.21510013e-02,1.00813222e-01,1.33199876e-02,2.36046474e-02,-5.52173205e-02,1.17001554e-01,8.70681502e-02,5.88737655e-02,6.58727353e-03,-7.22338705e-02,-5.68062761e-02,3.32903212e-03,1.89124851e-02,-8.79082125e-02,2.39315594e-02,-1.69510735e-01,1.83682558e-02,1.14855113e-02,-1.53445492e-03,3.17904635e-02,-4.42024526e-02,8.04046516e-02,1.18562647e-01,4.74002570e-02,-2.34904603e-03,-9.42794912e-02,2.35152509e-02,4.06762062e-02,8.01008217e-02,1.80333163e-02,1.46199907e-02,-9.86593986e-02,-9.09138178e-02,-1.75588954e-01,-3.59817278e-02,1.13952371e-01,6.63419687e-03,-1.71160516e-02,9.78153291e-02,2.04619184e-01,8.54585562e-02,-6.16036669e-02,-1.34977234e-01,4.19937872e-02,8.06570172e-02,6.85919802e-02,-4.14144305e-03,1.09327241e-01,2.87525691e-03,-1.77180492e-01,1.87784916e-02,7.00214848e-02,1.29047473e-01,2.01918559e-01,1.27560623e-01,-8.62305345e-02,2.62927071e-01,3.43713339e-02,3.77045532e-02,-4.41580460e-02,-4.92152034e-03,-5.24108372e-02,-2.63085727e-02,1.02970361e-01,1.23678896e-01,-3.51030604e-02,1.20608113e-01,1.58985217e-01,-1.02517520e-01,6.13891051e-02,-1.81404480e-01,1.51280696e-01,2.40469820e-01,1.44000246e-02,4.22148066e-02,6.36675517e-02,-8.12554501e-02,3.37896335e-02,-1.22138021e-01,-4.75213678e-02,4.31060271e-02,1.46602827e-01,3.94138365e-02
-1.73181810e-01,-9.63451474e-02,-1.03380579e-01,-3.11421591e-02,-6.50929507e-02,-9.95563468e-02,-1.68818483e-02,-7.42960838e-02,-1.17607430e-01,5.08137063e-02,-5.70864097e-02,4.36303801e-02,5.30777916e-02,6.10365257e-02,2.80970371e-02,3.96029078e-02,-7.23521576e-02,-7.27277544e-02,-1.50632610e-02,9.12783502e-03,-5.09139959e-02,-2.06285394e-02,-9.41614896e-02,-1.01060863e-01,1.73631167e-02,2.58519417e-02,4.36714330e-02,-6.27434077e-02,-7.96623134e-02,-5.24858450e-02,-4.86171413e-02,-7.28953080e-02,-4.26585149e-02,-2.63011143e-02,8.33726808e-02,9.21686955e-02,1.67643862e-02,2.22217840e-02,7.07900999e-02,-8.93435958e-02,-1.80785956e-02,1.23358825e-01,9.16437684e-02,6.49372461e-02,4.33280574e-02,5.30679624e-02,1.04627634e-01,9.99282066e-02,8.76054524e-02,9.12816080e-02,5.59670512e-02,-3.22683182e-02,5.83243353e-02,7.86797548e-02,1.01536778e-01,9.64664620e-02,7.80971119e-02,3.81279158e-02,-1.12969348e-01,-1.66721231e-02,5.78025699e-02,-3.42087182e-02,-1.50934518e-02,-8.86806456e-02,-5.89279061e-02,1.20747066e-02,1.15819951e-01,6.92009726e-02,1.25428923e-02,6.03034850e-02,-1.11413283e-01,-1.35354085e-03,4.69264029e-02,-1.10649759e-02,-1.02573333e-01,-4.10851952e-02,8.13986806e-02,8.68484671e-02,-8.73334328e-02,-2.92443517e-02,5.36728294e-03,-1.55561733e-02,2.53757375e-02,8.29258790e-02,-2.43869429e-03,6.50582477e-02,4.41797038e-02,6.94912941e-02,9.25495279e-02,7.12220236e-02,2.06713276e-02,-3.75881267e-02,1.06413851e-02,1.52999525e-03,-6.10634170e-02,-6.70695243e-02,1.28729476e-02,6.88998197e-02,2.44253930e-02,-4.64983613e-02,-5.50698083e-03,5.68443966e-02,-6.58292381e-03,-3.97436595e-02,5.22884967e-03,1.09091926e-01,5.69992806e-02,1.12701178e-01,1.40048778e-01,1.56906585e-01,1.57096008e-01,1.20709490e-01,1.59682143e-01,7.30215535e-02,1.14589306e-01,1.12740900e-01,1.32235270e-01,-1.64537737e-02,-1.13120742e-02,1.12822479e-01,1.61026287e-03,1.15887398e-01,1.21923917e-01,1.05385274e-01,1.40887775e-01,6.85344745e-02,1.04639463e-01,1.67627501e-02,9.95692743e-02,2.66403743e-02,1.31770398e-01,9.92903251e-02,4.93723334e-03,4.08950693e-03,1.62935219e-01,4.59866705e-02,-2.35345874e-01,2.05392879e-01,-4.72667674e-02,-1.09121707e-01,-2.12653131e-02,-3.96356027e-02,7.99064300e-02,6.83578125e-02,1.62609545e-01,1.58762581e-01,1.63688456e-01
-6.64132780e-02,-1.13738397e-02,-7.82442050e-02,-1.91871258e-02,5.71076943e-02,-1.94001853e-02,1.78763667e-02,-3.69288278e-04,-7.04409441e-02,1.49372187e-02,-1.08559685e-01,-6.09029141e-02,6.05770501e-02,1.96345769e-03,-2.53525879e-02,-6.74914921e-02,3.92144421e-02,4.92501153e-02,-9.68913399e-05,9.32189543e-02,4.92037881e-02,3.63305285e-02,-1.57539393e-02,-1.34168080e-02,4.73124996e-02,-8.08086757e-02,-1.10367992e-02,1.90908970e-02,-3.27619245e-02,-5.61138997e-02,-3.57368827e-02,-4.15389530e-02,-6.43838944e-02,-2.26257732e-02,8.87248249e-02,1.97564171e-02,1.87779303e-02,-4.75678805e-02,-4.90158211e-02,-3.69005083e-02,-1.24849100e-01,-1.10241193e-02,-5.02304989e-02,-1.49767388e-02,-8.94260206e-02,8.44229163e-02,4.19423910e-02,5.81727225e-02,9.72452173e-02,6.99119362e-03,9.66619842e-03,-7.81737177e-02,8.53869406e-04,7.81964449e-03,-6.86299134e-03,-6.52027267e-02,-7.49081311e-02,-4.73332906e-02,-5.00761827e-02,-7.48948035e-04,3.60171729e-02,6.97150842e-02,3.09392350e-02,-5.51563494e-03,-4.36041530e-02,-1.84574518e-02,-1.35285179e-02,8.79152475e-02,-6.50694744e-03,-1.23366527e-02,-4.86829305e-02,-2.40568999e-02,3.67090670e-02,2.50467697e-02,-5.17295738e-02,2.04057505e-02,-1.03337480e-02,-1.26565923e-03,-1.11511316e-02,-1.00232886e-01,-6.30700159e-02,-1.54665464e-02,2.78017936e-02,3.21624561e-02,2.27169196e-02,-4.41778056e-02,-7.37340688e-02,-1.22748997e-01,-1.06071520e-02,-1.96665603e-02,-6.83465233e-02,1.05035329e-02,2.54228540e-03,-4.06440714e-03,-4.06900089e-02,-1.89474724e-02,-7.27488601e-02,-8.59708746e-02,-7.76991291e-03,-8.89972816e-02,-9.14014000e-02,-4.95066752e-03,-4.44912920e-02,1.21339472e-01,-6.60165889e-02,-5.80338822e-02,-4.88796274e-02,-7.97069615e-02,4.63288114e-02,9.48845951e-02,2.77239335e-02,-1.11542509e-01,-3.43548216e-02,-3.75165124e-02,1.59383811e-02,-3.37747517e-02,-6.41901532e-02,-3.63384978e-03,-2.50005786e-02,-1.05078991e-01,2.23020637e-01,-5.68430287e-02,-4.73398634e-02,-4.91922143e-02,3.31518253e-01,-5.11094090e-02,3.35811106e-03,-7.06169626e-02,-6.77784541e-02,-1.59636645e-01,2.04142875e-01,-1.04470991e-01,-8.37267556e-02,-4.24879343e-02,1.83288420e-01,1.45608420e-01,-1.09721597e-01,-4.43910099e-02,-5.64108136e-02,-2.16159998e-02,3.17408503e-02,-4.76114914e-02,3.90339647e-02,-7.43224526e-02,-1.45563289e-02,-9.90521449e-02,-5.43892692e-01
-1.40599261e-01,-3.51609252e-02,-8.51084347e-02,-2.96546016e-02,-1.44326802e-02,-5.03455927e-02,3.24854321e-03,6.41886334e-03,-6.17347195e-02,3.08811136e-02,-7.97589813e-02,-2.07699034e-02,3.73675818e-02,4.53183939e-02,-4.25097644e-02,1.75378992e-02,-1.96348368e-02,1.83558506e-03,3.60257180e-02,3.34116827e-02,-1.57882652e-02,3.15591731e-03,-6.04021988e-03,-2.92798058e-02,2.92792877e-02,5.14608505e-02,1.55952769e-02,2.09736966e-02,-1.59814568e-02,-4.14431103e-02,1.74092419e-02,-2.04975793e-02,-3.42660900e-02,-2.61114682e-02,5.54989381e-02,1.83156662e-02,6.01075153e-03,4.47138423e-02,5.14059712e-02,-1.07399604e-01,-7.23760175e-02,4.19399815e-02,-9.37754823e-04,-7.05302426e-02,-3.46808211e-02,4.54591127e-02,9.71873050e-02,1.11457296e-02,4.00135586e-02,8.85797344e-02,9.21334703e-03,-6.18276359e-02,-8.23939747e-02,-3.35548597e-02,-4.18260735e-02,6.94657384e-02,-8.13634060e-02,-1.76686097e-02,-9.33028904e-02,-2.17171915e-02,2.90587476e-02,2.54641017e-02,1.46383075e-02,-2.24554747e-02,-3.84211975e-02,7.16922395e-03,4.74043767e-02,9.36676973e-02,-6.57326524e-02,-4.19762086e-03,-1.28029042e-01,-8.64633714e-02,4.60047384e-02,3.43030601e-03,-5.51764885e-02,-1.82720958e-02,5.65718119e-02,1.61096188e-02,-4.10638232e-02,-7.22567578e-02,5.41527646e-02,-4.96550769e-02,2.56395427e-02,4.43627776e-03,-1.55432930e-02,1.10460390e-01,7.43476899e-03,-1.92077166e-02,2.40683309e-02,-5.28261291e-02,-6.24951637e-02,2.02725074e-02,-2.69138870e-03,3.31676259e-02,-2.93755276e-02,-1.09032080e-01,-7.16502337e-02,-5.44161293e-02,-2.29901593e-02,-4.46039307e-02,4.76119580e-03,6.34953213e-02,3.22930269e-02,-6.68849418e-04,-1.84249360e-02,4.64045583e-03,-2.10878560e-02,6.38492693e-02,5.12466258e-02,6.64589951e-02,9.11110423e-02,5.19447220e-02,2.46008969e-02,-1.59305051e-03,2.63004558e-02,1.32996443e-01,5.72159221e-02,-1.17723703e-01,-1.05755767e-01,-3.47425947e-02,-3.11350664e-01,2.68481321e-02,4.79852217e-02,-7.12500885e-02,-2.36255130e-01,-1.13390212e-01,1.02732937e-02,1.02430534e-02,8.51069825e-02,-8.64541096e-02,-8.21938427e-02,1.24641575e-01,-1.94132601e-01,-1.36485443e-01,-1.93354917e-01,-1.76453268e-01,4.18164386e-02,-3.08948733e-01,1.16673159e-02,4.74113177e-02,3.67773551e-02,1.97529770e-02,6.63903365e-02,2.06500644e-02,-2.69576206e-01,-3.83456381e-01,-4.18665518e-02
-5.98384068e-03,-1.54206791e-03,-1.63326415e-02,-8.38602180e-03,2.75403134e-02,4.95792196e-03,2.25788088e-02,3.43566254e-02,-1.39860214e-02,-1.66953094e-02,9.59308585e-03,-3.42221249e-02,-2.19246326e-04,-3.32069680e-02,7.25558745e-02,7.72726303e-03,5.63940360e-03,4.11148676e-02,-1.19023651e-02,6.76099731e-02,1.89775170e-02,3.53834380e-02,3.27854259e-02,-1.80816276e-02,-1.02674697e-02,-7.46177848e-03,1.99594605e-02,-3.88333675e-03,1.79122705e-02,8.90418222e-02,4.96491361e-02,4.01100009e-03,-1.40886541e-03,5.89880185e-02,4.03796733e-02,-6.36510791e-02,1.37579593e-02,2.47735215e-02,1.28374027e-02,-1.75456523e-02,2.80576455e-02,2.04682391e-02,3.07004178e-02,3.60274775e-02,-1.45895427e-03,1.40555634e-02,6.15339531e-02,-3.07272116e-02,-2.72275522e-02,2.06349198e-02,-2.17277413e-02,7.94653196e-02,-1.17097656e-02,1.31864299e-01,-3.95850965e-02,-8.85018573e-03,1.62048709e-01,3.94856264e-02,2.23054660e-03,1.42214943e-02,-9.22992755e-03,6.33725511e-02,-6.00039651e-04,2.80157079e-02,1.48743182e-02,-3.42991602e-03,9.29363881e-03,2.98928977e-02,8.74022883e-02,9.87527269e-02,5.43935429e-03,1.39721140e-02,5.15829973e-02,-4.83130724e-04,-7.26085794e-03,-1.90494806e-02,1.28552292e-02,-9.99582576e-04,-4.88042001e-02,9.12387869e-02,5.64615804e-02,-2.88459959e-02,4.78114905e-02,-1.87033590e-02,1.78160431e-02,1.77501817e-02,6.94320884e-03,-4.15537824e-02,-2.71698061e-02,9.95828773e-03,6.85094895e-02,4.97260108e-03,-4.93011988e-02,3.29917494e-02,2.06934335e-02,7.06747235e-02,1.35529004e-01,1.90975818e-02,1.31818721e-01,3.63991820e-02,-1.31678992e-02,3.92621481e-02,1.82515409e-02,-6.33511484e-02,2.58392799e-02,3.36702221e-02,9.54022165e-02,1.07883108e-01,3.01932743e-03,2.66132823e-02,-3.09064261e-02,-5.18872717e-02,-4.28974146e-02,1.24872060e-01,-8.25377273e-03,7.25787729e-02,-2.13539814e-02,-3.62794866e-02,-9.68790049e-03,4.31217751e-02,-2.61647445e-01,6.30136060e-02,6.14363690e-02,9.89066346e-02,-2.96209315e-01,1.19024843e-01,-4.99243462e-03,-8.08771444e-02,3.46219927e-02,-6.84989579e-02,2.83466408e-01,4.36166823e-02,-1.32927397e-02,1.12969792e-01,-3.05465100e-01,3.88228445e-02,7.88373291e-02,9.88072987e-02,-1.81405848e-02,8.04035066e-02,9.87127804e-03,-1.18950419e-01,-4.45452867e-02,-1.74215845e-01,1.83618509e-01,1.90476419e-01,-4.54347430e-01
1.19726417e-02,3.94938137e-02,-4.26124289e-02,3.28563718e-02,3.81533455e-02,5.94216455e-02,2.61742306e-03,5.26154013e-03,-9.17195411e-02,-2.74581488e-03,-7.03395087e-02,8.97196580e-03,2.05132415e-03,7.39022949e-03,-3.19200431e-02,2.37836759e-02,5.10192024e-02,-5.51601733e-03,-5.04113982e-02,2.63309567e-02,4.86397926e-02,2.82002200e-02,-7.27660007e-04,-4.25486537e-02,-3.60600207e-03,-1.29510835e-02,1.43921781e-02,-3.29088129e-02,-9.92191204e-02,-7.31798823e-02,-8.96433477e-03,-6.96779788e-02,-1.53365510e-01,-1.28939864e-01,-8.89319908e-03,-1.04424990e-02,-1.04063518e-01,-4.48610855e-02,-5.38714409e-02,-2.45960114e-03,-8.88831768e-03,-3.88177038e-03,-4.10529195e-02,-3.09519448e-02,2.34572840e-02,2.70564662e-02,2.48463545e-02,5.43533369e-02,-6.37531594e-02,3.05319926e-02,-4.18074575e-02,-6.22053655e-02,-1.69874060e-01,1.46969461e-02,-3.50507205e-02,-2.24099955e-02,1.04372212e-01,4.08742408e-02,2.43248338e-02,-9.68094345e-03,6.54927054e-03,2.30604296e-02,1.05408123e-02,-4.18342051e-02,-1.55496941e-01,-7.56037335e-02,-3.92362411e-02,3.60947237e-02,-1.19130719e-02,-1.64646489e-02,6.67012057e-03,-7.11875363e-02,5.02770893e-02,2.52216784e-02,-9.38467381e-03,-5.81138794e-02,3.44059170e-02,5.51436478e-02,-4.50850543e-02,-1.51154229e-02,1.66919970e-02,-4.65879859e-02,-3.70257452e-02,8.64275311e-02,-2.19099084e-02,-1.81358027e-03,2.78487258e-02,6.45824907e-02,3.82667920e-02,3.62725330e-02,6.28315224e-02,-1.02939933e-02,-1.03037889e-02,-3.45088533e-02,-1.30797168e-01,-1.75023977e-01,3.35254880e-02,1.31218358e-02,5.08293834e-02,1.97405958e-02,-9.51833978e-02,-5.72611359e-02,-5.14279173e-02,-3.46273100e-01,-4.08443026e-02,-5.12235622e-02,-1.72368485e-01,-3.72131545e-02,-6.77567068e-02,-4.46075596e-02,-9.25860635e-03,1.21016634e-02,1.78040464e-03,-9.07799104e-02,-1.98152057e-02,-3.52937849e-02,2.38323030e-02,9.66764671e-02,7.98492008e-02,7.61977560e-02,4.12975714e-02,3.00797695e-02,8.99715584e-03,1.14767935e-01,-4.19369535e-02,6.24056861e-02,-2.63506926e-02,-2.73759025e-02,3.33620967e-02,-1.26687305e-01,-5.40457664e-01,-2.16088929e-02,-7.38580398e-02,1.45747584e-01,-4.97924134e-02,2.25473934e-01,4.24894720e-03,-7.21718513e-02,-1.85269763e-02,5.97982139e-02,-4.30178435e-02,-1.37980424e-01,9.02724778e-03,-4.02192286e-03,1.78942219e-01,2.12243641e-02,-9.72311807e-02
-8.08412572e-02,-2.04922354e-02,-3.74608583e-02,-1.64765599e-02,-4.03485789e-02,-2.52111653e-02,-1.86196406e-02,3.26791222e-02,2.16385450e-02,1.46987424e-02,-1.50743640e-02,-1.06709778e-01,-9.73502196e-04,-7.54539881e-03,2.72709970e-03,-2.02531209e-02,-3.50651455e-02,-3.73297584e-04,-6.80143591e-02,3.18451595e-02,-6.89349259e-02,-1.41696295e-02,3.31998511e-02,-1.39571266e-02,1.51739595e-02,-6.78745617e-03,-4.00682173e-02,2.32253242e-02,6.38945300e-02,2.85635379e-02,5.24414187e-02,3.59730560e-02,3.53987866e-02,4.10426073e-02,-2.68269185e-02,-1.28894919e-02,7.52755244e-02,3.35066071e-02,-1.77930806e-02,5.20947614e-03,-8.91899186e-02,-6.57652016e-02,-1.36856670e-01,-1.22914919e-01,-1.18302270e-01,-1.68284338e-02,5.79847529e-02,-8.19211585e-03,-9.54346023e-02,2.24914616e-02,3.81845247e-02,4.68240397e-02,-4.14728184e-02,3.62014966e-02,-4.54496035e-02,-2.53377619e-02,-1.01519329e-01,2.82811309e-02,-9.41327811e-02,-5.06125824e-02,-7.86233872e-02,-3.39779704e-02,-1.61329809e-02,4.46320320e-02,-6.83902556e-02,-1.39562322e-01,-1.92889783e-01,3.28259030e-02,-2.12923328e-02,-4.67022861e-02,-1.40405385e-01,-1.68846534e-01,-2.36229721e-02,-3.40780629e-02,4.55073272e-02,-7.09677989e-03,3.36645002e-02,-8.23468032e-02,1.36695746e-02,2.35428114e-02,9.65595125e-02,-7.28115121e-03,6.25555916e-02,-7.97555254e-03,1.24205506e-02,9.10845237e-02,2.14666866e-02,-4.27761789e-02,-8.37754548e-02,-5.35290337e-02,-2.33992354e-02,8.53302800e-02,2.68332576e-02,1.07417705e-01,8.13952924e-02,1.14050160e-01,-1.09827506e-02,-9.21161329e-02,7.41060820e-02,5.98460461e-02,3.53138974e-02,7.79106578e-02,1.55168985e-02,2.51532650e-01,-1.37503100e-02,-3.31907316e-02,2.11487889e-02,8.06437545e-02,-4.12889285e-02,4.41981509e-02,-2.79709909e-03,-5.17014423e-02,-6.34247638e-02,3.32921547e-02,2.39117745e-02,8.82709470e-02,-4.79775700e-02,-3.70797203e-02,-6.05201753e-02,-7.45671317e-02,2.45010360e-02,-4.55342388e-02,-5.02521502e-02,-1.06747256e-01,-8.02759531e-02,-1.01605865e-01,-5.03833485e-03,-4.05714112e-02,6.76978892e-02,-3.17580815e-02,-3.69059030e-01,8.96581902e-02,-5.36419076e-02,-2.80618360e-03,-6.71954230e-02,6.39033769e-03,-2.82015068e-01,3.21029071e-01,-1.94891309e-02,-2.53746945e-01,-4.45399963e-02,5.52434852e-02,-4.57443039e-02,-1.23041184e-02,9.42460269e-03,2.18328813e-01,-2.92710501e-02
-5.42543093e-02,-6.52303075e-02,2.67591070e-02,-3.43984292e-02,-7.30876637e-02,-9.32882751e-02,-7.11851030e-02,-7.31683270e-03,4.15935040e-02,-1.59637696e-03,5.88556123e-02,9.70989892e-02,-5.49840240e-02,2.87814211e-03,-1.54200341e-01,7.44216781e-03,-8.33404206e-02,-9.63700640e-02,-4.81489610e-02,-1.18795326e-01,-8.97051994e-02,-9.33957502e-02,-1.54426001e-02,-2.30321304e-03,-6.32542616e-02,2.39574372e-02,-3.44801866e-02,-2.75983494e-02,3.96608975e-03,-1.13051978e-01,-7.04899575e-03,4.29844800e-02,4.84064977e-02,-1.95331056e-02,-1.16420547e-01,-6.32872176e-02,5.02912864e-03,8.52251555e-02,1.99268243e-02,1.16543750e-01,3.73785055e-02,1.32938999e-02,9.91143363e-02,8.89528211e-04,6.10071553e-02,-6.52351700e-02,-9.03632116e-02,-8.58963090e-02,-7.28506679e-02,-1.19374269e-01,3.84887793e-03,-6.16821540e-02,-2.22763920e-01,-1.86777316e-01,-3.89805586e-02,1.75237837e-02,-1.41339322e-01,1.66160795e-02,-1.11627430e-01,-2.80890043e-02,-1.21603325e-01,-1.69510112e-01,-4.90995484e-02,-7.39989771e-02,-3.50039782e-02,3.68125068e-03,-8.78629539e-03,-1.27906318e-01,-1.94348109e-01,-1.15437921e-01,-9.24038065e-02,-1.02405770e-01,-9.99228603e-02,-1.83025176e-02,2.99531846e-03,-1.84093479e-02,3.45017080e-02,1.06677746e-02,-8.59453949e-03,-2.72301845e-02,2.55419081e-02,4.44344702e-02,-1.57163948e-02,-6.73718225e-02,-3.59858810e-02,3.96390293e-02,5.32912459e-02,5.54557775e-02,-4.59149404e-02,-2.91887763e-02,-1.65649040e-02,-1.10660175e-02,-4.35920716e-02,-1.48142097e-03,7.66065053e-02,-4.16022721e-02,-9.90382932e-02,5.65679443e-02,-7.58680414e-02,5.78072574e-02,7.65159892e-02,2.76671178e-02,-9.06098743e-03,-3.95658862e-02,1.36582300e-01,1.35051698e-01,-3.87192130e-02,3.67222442e-02,-8.47913086e-02,-2.37213425e-01,-2.32292755e-02,3.58111129e-02,7.62535478e-04,-4.87072132e-02,2.87512131e-02,1.42925406e-01,3.88753016e-02,7.27743638e-02,4.22793527e-02,2.34394502e-02,-8.08914797e-02,-2.60136086e-02,-3.90599617e-02,-1.80380304e-02,3.38566484e-02,-6.95166266e-02,8.96874477e-02,4.23257588e-02,4.12452647e-02,-1.17231042e-01,1.39374436e-01,3.26997164e-02,5.60142637e-02,-6.51363084e-02,1.26377100e-01,-5.96266100e-02,-4.47928204e-02,-9.08654633e-02,-3.12785110e-02,-2.28839693e-02,-2.99537499e-02,-1.13050449e-01,-1.52160450e-02,-7.65557158e-02,3.42581099e-01,-4.43194575e-02,-2.27721404e-01
2.28667486e-02,1.53842680e-02,-2.75481575e-02,3.60368864e-02,1.39409892e-02,1.61929592e-03,-7.94324966e-03,-9.61709374e-03,-4.46313073e-02,-1.38078295e-02,-1.97480104e-02,-2.12475889e-02,-1.48328777e-02,-1.97288674e-02,-2.53517342e-02,4.44311089e-02,2.95555401e-02,2.70420196e-02,-1.23551176e-03,-8.42910360e-03,4.67312566e-03,-5.16585890e-02,-1.52851535e-04,-6.23120488e-02,1.26950363e-02,-2.95888738e-02,-9.83095418e-05,-9.37226133e-02,-4.87816255e-02,-8.47718190e-02,-1.49592649e-02,-2.68573436e-02,-1.68828296e-02,1.23488881e-02,-5.94924554e-02,1.71032756e-03,1.65402360e-02,-2.91842229e-02,-1.30121390e-02,1.53547357e-01,-1.15960993e-03,-4.68713751e-02,-1.20390627e-01,-5.72148087e-02,1.25162207e-02,-7.96031816e-03,-5.26458074e-02,-5.52818829e-03,-1.83271028e-02,-8.69074945e-02,-1.45998700e-02,-5.92124986e-02,-1.38349868e-01,5.39464448e-02,-1.07670748e-01,-5.30987181e-02,-4.29085526e-03,1.03353910e-01,9.64178458e-03,-2.82679444e-02,-9.37082090e-03,4.61271697e-02,7.44253051e-03,-3.63365853e-02,3.15481118e-03,8.74206839e-02,8.48275141e-03,-5.67357964e-02,-5.13760516e-02,-1.84155882e-02,-1.12742504e-02,-1.45739178e-02,-2.59510402e-02,-1.03856801e-02,1.06897392e-03,-1.00825571e-01,-1.01007948e-02,1.24435469e-03,-6.97066023e-02,-2.25630571e-02,5.81666899e-02,-6.82210050e-02,-8.14889307e-02,2.15139445e-02,2.24711078e-02,-1.70942572e-02,8.59274076e-02,-1.59838061e-02,-3.61458754e-02,-3.16143068e-02,3.36949493e-02,-1.13630457e-01,-4.14762970e-02,-3.44658856e-02,-2.48114805e-02,-1.07621212e-01,8.54667610e-02,-3.98219038e-02,4.94712731e-02,1.68326181e-01,-4.77129336e-02,-2.77309754e-02,-1.15996354e-01,-2.08545860e-01,3.01148363e-02,-7.09484881e-02,-1.22858878e-01,-8.40906008e-03,-6.87826674e-02,-9.74987187e-02,-5.03617673e-02,1.55133322e-02,1.72863523e-02,5.55666072e-02,3.98654524e-02,4.24898287e-02,-3.80260622e-02,9.47217547e-02,6.08316709e-02,5.25614377e-02,-8.66081115e-02,-8.32324641e-02,-1.32232424e-01,-2.84332147e-03,3.08831684e-02,6.18301514e-02,-2.92025451e-02,-2.73408975e-02,-6.57013913e-02,-9.51087935e-02,3.51214479e-01,-4.69290999e-02,-1.22527739e-01,1.94884007e-01,-1.45732427e-01,5.66559803e-02,-2.91198829e-01,1.94156721e-01,2.15722177e-02,-2.36581360e-01,1.48925979e-02,8.49503559e-02,-8.84389065e-03,4.50805640e-02,-3.52979581e-01,-1.23378691e-01,1.29572060e-01
-2.43474490e-02,2.89959231e-02,-5.16446242e-03,-5.45840389e-02,1.12434912e-02,4.32654734e-02,2.85110474e-02,6.15844512e-02,2.70852654e-02,-6.08193274e-02,3.96877736e-03,5.16650607e-02,-6.84929782e-03,-7.51400854e-02,-1.08859064e-01,-2.60258235e-02,3.48796040e-02,8.96456909e-02,2.13356466e-02,6.01511108e-03,9.75872398e-03,9.39534295e-02,5.17448376e-02,4.87074891e-02,5.30554379e-02,3.19191740e-02,1.29301057e-01,7.75430809e-02,8.03307678e-02,2.06420041e-01,7.92160711e-02,3.10034093e-02,1.89627535e-02,-2.51657127e-02,-1.31824006e-02,-6.39131163e-02,-3.11290340e-02,2.68987598e-03,-4.70274328e-02,-1.24523683e-01,1.06383439e-01,6.63069609e-02,1.67835409e-01,1.12486910e-02,4.87614180e-02,-6.35171433e-02,8.87616688e-02,-1.68322466e-01,-9.73652083e-02,4.98271123e-02,-9.06881428e-02,-5.50172251e-02,-3.12584003e-01,-1.09373342e-02,-1.03128393e-01,-5.40309603e-02,6.62633036e-02,-1.43664986e-01,3.66467054e-03,1.72533052e-02,-3.86013359e-02,6.09848515e-02,5.25368582e-02,9.32145568e-02,7.04137007e-03,-3.05498222e-02,1.02763641e-01,-2.02214510e-02,-1.52015140e-01,-2.06724855e-02,-4.19249680e-04,-1.22535373e-02,-3.53427607e-02,-1.15856186e-02,1.80248386e-02,2.19508286e-02,2.90212897e-02,7.81136512e-02,4.89980768e-02,8.75509753e-03,1.44805624e-02,-3.16296552e-02,1.49192736e-03,-2.16873084e-02,-5.17141419e-03,1.75572329e-02,-1.36250009e-01,1.30414799e-01,1.27604568e-01,7.97738429e-02,1.20594407e-01,9.41463811e-02,-1.96672271e-02,1.22622255e-01,-2.89560144e-02,-1.83986414e-02,9.94684250e-02,8.20605747e-02,8.73656502e-02,-8.61935736e-02,4.66166513e-02,-5.21199545e-02,1.17797421e-01,1.49613207e-01,-5.50220533e-02,7.26624861e-02,-5.28757106e-02,-2.06300436e-02,-3.28177977e-02,-1.08042738e-01,-1.92351260e-02,-1.43302627e-01,3.63453734e-02,-1.16263819e-01,-4.53057424e-03,1.00277696e-03,-9.36942183e-02,-1.70328870e-01,-4.49257613e-02,1.06396973e-01,5.21123522e-02,1.37362051e-01,1.34605132e-01,1.21492036e-01,1.28929820e-01,8.43034315e-02,-1.64723331e-02,1.36766932e-01,6.05331128e-02,-2.13873044e-01,5.51396453e-02,5.98985679e-02,-1.07938843e-01,-2.05861985e-02,7.79555913e-02,8.26685401e-02,-5.52139046e-02,3.37347361e-02,8.98620868e-03,-6.57064580e-02,2.98933998e-02,4.73320878e-02,-2.25062900e-02,-1.85450900e-02,-1.93101865e-01,7.51452497e-02,6.82817290e-02
-1.78482111e-02,-1.08572576e-02,-6.25878817e-03,-2.60646192e-02,3.35256761e-02,-5.28707602e-02,4.36922463e-02,2.72122897e-02,-3.36211835e-02,1.82052908e-02,-1.12626121e-02,-1.96972125e-02,2.59318248e-02,-4.85523538e-02,5.33163490e-02,-4.01259177e-02,4.93083900e-02,3.82208941e-02,7.79437994e-02,8.36475573e-02,1.22295140e-02,6.81309765e-02,-1.73034357e-02,6.43826127e-02,6.55857890e-02,8.25082620e-02,4.43192894e-02,4.71681005e-02,5.25977976e-02,1.42881323e-01,2.90137858e-02,-6.59959905e-02,-7.24322273e-02,-1.53403048e-02,5.28217869e-02,7.34180107e-02,1.65598354e-02,-3.78767558e-02,-5.48353548e-02,2.05815521e-01,1.15638128e-01,-5.24720182e-02,-5.33272490e-02,1.16172611e-01,5.37396309e-02,5.33852365e-02,1.71193396e-02,-2.79622111e-02,6.30169838e-03,8.00041899e-03,1.47214852e-02,3.86310231e-02,-7.47144933e-02,1.13741394e-01,6.01653737e-02,-1.04660067e-02,3.23299592e-02,-8.97685007e-03,-2.44095669e-03,-6.29509416e-04,1.23486663e-02,8.76750386e-02,5.03146609e-02,6.30665869e-02,2.10467975e-02,9.63963473e-02,4.28936295e-02,5.34425995e-02,1.37649952e-01,6.01356707e-02,-6.36495166e-02,-6.85135981e-03,2.81447105e-02,3.64214181e-02,-4.47891420e-02,2.05236058e-02,6.81081867e-02,4.65818064e-02,7.17028378e-03,-2.25931784e-02,-9.04415065e-02,5.19520606e-02,-3.73758875e-02,2.60992071e-02,6.08018777e-02,-2.18851008e-02,1.02738937e-01,1.16828868e-01,-2.80426385e-02,1.04230991e-01,1.10607624e-01,-3.44709323e-02,4.14221147e-02,-5.36350449e-02,2.33133854e-02,-2.64281370e-03,5.88593508e-03,1.99003060e-01,-1.17972422e-02,6.97876968e-02,-8.75643080e-02,-7.83433922e-02,3.37541531e-02,9.80290494e-02,1.06368991e-01,-4.02345644e-02,-1.16045018e-01,-3.10715694e-02,8.48642567e-02,2.54043210e-02,4.20886840e-02,-5.31822089e-03,-2.76070014e-02,6.90994330e-02,1.11358178e-02,3.08758090e-02,-9.85907708e-02,2.63514109e-01,1.92883040e-01,1.36854629e-01,-1.01355146e-01,-8.81902913e-02,-4.59303606e-02,-7.41561075e-03,1.20890074e-01,-1.43459130e-01,3.43103854e-02,1.44333388e-01,-2.90375455e-02,-1.14002279e-01,-1.42061810e-01,-7.16865360e-02,1.22184874e-01,-1.76299705e-01,-5.49420173e-02,-4.51446730e-01,-1.09527689e-01,-3.00934735e-02,1.48661785e-03,-7.53122239e-02,-9.22748117e-03,-4.22849872e-02,-9.67328769e-03,-2.71153185e-02,3.92635250e-04,3.12489815e-02,-9.60822393e-02
-3.02961552e-02,4.50533344e-03,-6.45416236e-03,4.00584791e-03,3.53560233e-02,-1.75936173e-02,-4.82759989e-02,-1.24497206e-02,2.82982265e-02,5.45723557e-02,-6.43361397e-02,-3.68687344e-02,-1.54333801e-02,3.59793924e-02,-1.04187798e-01,2.19028901e-02,3.07842077e-02,1.03960620e-02,2.98180716e-02,8.23744467e-02,1.03707085e-02,-4.77190067e-02,1.91241462e-02,-5.19931989e-02,-1.73648432e-03,-2.87875991e-02,-4.88952439e-02,-4.22419244e-02,3.95264925e-02,8.37113519e-02,-5.27783714e-03,8.51688410e-03,-5.97058431e-02,4.45979654e-02,9.91224088e-02,-2.61306530e-02,5.91315130e-02,-5.68384315e-02,-5.49632932e-02,6.25650044e-02,-1.34696644e-01,-2.14749221e-02,1.66389708e-02,-1.00181307e-01,2.52074449e-03,-8.83409099e-04,6.34569661e-03,-1.70727090e-02,4.64996478e-02,5.97067579e-02,1.47410658e-02,1.60576239e-02,-1.80288498e-01,-1.15964678e-01,-2.57052436e-02,-1.66248303e-03,2.66893710e-02,1.54799209e-01,1.65578226e-02,2.08180988e-02,-1.86608430e-02,5.90066855e-02,-5.14354516e-03,2.86172356e-02,1.92319528e-02,-3.99390711e-02,5.98451029e-02,6.79076777e-02,2.39475495e-02,8.43661828e-02,-3.69708275e-02,-3.02731336e-02,3.90350785e-02,-1.12591747e-02,-1.14421254e-02,-7.76059816e-02,3.11314802e-02,-2.24081810e-02,-4.95396802e-02,1.30134969e-01,-6.96783986e-03,-8.55777159e-02,-1.09254843e-01,-1.51758022e-02,-7.43275530e-02,1.25424210e-02,1.00964821e-01,-1.81194013e-02,-4.85901015e-02,-6.00535139e-02,3.96824352e-03,-3.21335252e-02,-8.34696695e-02,1.28916419e-02,-8.09994200e-02,1.87067940e-01,4.83673195e-02,9.46524623e-02,-2.32733068e-01,5.30489417e-02,-9.21642550e-03,-2.32625134e-03,-2.72385483e-02,1.30369285e-01,-9.06195216e-02,-1.13509559e-01,-6.22758818e-02,-9.69449928e-03,6.19638982e-02,1.33427500e-01,-3.91089114e-02,-3.97497945e-02,-4.44463629e-02,6.65805173e-02,-4.71208251e-02,-8.95727781e-02,-7.82217073e-02,6.73431370e-03,1.50171153e-01,-5.61825804e-02,-9.84110050e-02,-3.24828120e-03,9.60515999e-03,1.81563139e-02,-2.71555380e-01,2.17689787e-03,1.51604714e-02,-4.30476120e-02,-3.54113971e-02,-1.52083428e-01,4.94183954e-02,1.26026181e-01,3.38769415e-02,2.60284171e-01,5.05961426e-01,-4.17646095e-02,7.04094238e-02,-4.94877808e-02,2.07868611e-02,4.26057523e-02,1.65780218e-02,-2.05939560e-02,1.25810200e-02,-1.94056719e-02,2.94840934e-02,4.91420905e-03,1.06434886e-01
-3.02528155e-02,-1.30363660e-02,8.24170798e-03,-1.93506856e-02,-2.87367654e-02,1.25931160e-02,3.25268269e-02,-4.04859233e-02,4.22133526e-02,6.74053710e-02,2.31104792e-02,-8.66021605e-03,-1.72290884e-03,2.85318803e-02,-4.17048066e-02,-5.70695461e-03,9.18029473e-03,-6.06409801e-02,5.12330989e-02,-3.15704149e-02,1.76724847e-02,4.83724928e-02,-3.37932547e-02,2.95300578e-02,9.31465921e-03,-4.75483659e-03,2.22701787e-02,2.06237067e-02,-1.09245567e-02,4.62595547e-02,-7.84237175e-02,-3.29067497e-02,8.72019349e-02,1.07200197e-01,2.95301413e-02,8.33134486e-02,1.73598701e-01,2.96689539e-02,1.32614148e-01,-6.63256812e-02,1.63102179e-02,2.12055824e-02,-1.08399664e-01,6.01508361e-02,3.45529784e-02,6.21656632e-02,-1.10193710e-02,3.24858517e-02,1.22118514e-01,-1.83104798e-02,8.11680046e-02,7.34246300e-02,-1.93918333e-01,-2.07433091e-01,-6.51587848e-02,5.33610189e-02,7.87464616e-04,-9.73005328e-04,1.13732216e-02,3.68620389e-02,1.60706558e-03,-5.02627848e-04,2.55631423e-03,-2.19998859e-02,4.88528791e-02,1.21983099e-01,1.89650438e-02,1.37034106e-03,-5.53491930e-02,5.08077740e-02,1.40077188e-02,8.54279726e-02,-1.87314877e-02,6.05783712e-02,-5.69420621e-02,8.04922624e-02,9.38130888e-02,3.17675775e-02,-1.04390084e-02,8.73192644e-02,-8.88829228e-02,3.46880182e-02,7.83261818e-02,-1.17253155e-02,1.19419214e-01,-2.39137408e-02,-3.91386544e-02,5.47026965e-02,4.29133437e-02,-7.30817963e-02,-3.01984145e-02,-5.18468667e-02,2.05157838e-02,-5.52159021e-02,3.78087261e-02,2.65036151e-01,1.23953856e-01,7.02212112e-02,-1.07306468e-01,-7.27451426e-02,-2.41003152e-04,-6.32797354e-02,5.30628506e-03,3.06453923e-02,4.81194060e-02,6.41851160e-02,-6.87224006e-02,6.98332286e-02,1.31417889e-01,-2.11230305e-02,4.68466572e-02,1.91764842e-02,-5.14343448e-02,2.89407113e-01,-1.49038844e-02,1.21127396e-02,5.02814005e-02,-1.23873713e-01,-1.05992133e-02,3.30137660e-02,2.54431730e-01,-3.49823957e-02,-8.05537599e-02,-6.72574477e-02,-2.12300663e-02,9.05035757e-02,1.11291424e-01,-1.06898737e-02,9.91077902e-03,-1.92560487e-01,-1.13338593e-01,-9.12639062e-02,1.39616912e-01,1.17340246e-01,-2.99237600e-01,1.98863031e-01,-7.65518723e-02,-1.18915962e-01,-2.62494957e-02,-7.81502461e-02,-6.12903886e-02,-2.92588970e-02,-1.10352784e-02,1.18513281e-02,5.10355354e-02,-1.47095403e-01,4.30191501e-02
2.14442318e-02,-1.15759940e-02,1.87153109e-02,4.56007012e-03,-2.22213527e-02,-2.23699946e-02,3.99975036e-02,-9.43595332e-03,6.25827619e-02,1.87328539e-02,-4.79982283e-02,3.10386733e-02,-3.98319118e-02,-2.59686109e-02,-2.13945281e-02,-5.73941559e-02,1.54350914e-03,-4.33247271e-03,7.09393672e-02,-2.55986218e-02,-1.77491208e-02,7.31929110e-02,-3.30430611e-02,6.92281174e-02,4.68193136e-02,7.86324804e-02,1.27115503e-01,1.37747291e-02,3.83821460e-02,-8.39100518e-02,-4.80688059e-02,4.38629108e-03,-6.50812586e-04,6.71409004e-02,-5.05415359e-03,-3.52315917e-02,4.36173855e-02,-1.28064359e-02,-8.62146777e-02,1.02150571e-02,2.29689660e-03,5.58433118e-02,7.14680189e-03,-1.51752468e-01,1.32766947e-01,-3.69423143e-03,-7.91785819e-02,-6.25837704e-02,2.91393087e-02,-4.11364419e-02,-6.62938329e-02,6.62664541e-02,1.36538136e-01,1.13931163e-01,-2.40157220e-02,5.57521291e-02,-5.13668132e-02,-4.22831803e-02,1.44651855e-02,1.53760082e-02,-4.02679907e-02,3.93634861e-02,7.18557219e-02,-3.34673141e-02,7.95647695e-02,5.37935752e-02,1.54299394e-01,-3.11001247e-02,3.91088608e-03,-2.21739411e-02,-4.10170095e-02,9.90312635e-02,-4.63126830e-02,-1.76505501e-02,2.74338997e-02,2.18734248e-02,7.15422048e-02,3.13296074e-02,6.93569129e-03,-6.16638140e-02,-1.42176589e-02,2.21976337e-02,7.39518120e-02,-6.50878903e-03,7.76208230e-02,-5.64133594e-04,5.67917591e-02,1.72443572e-01,1.03382706e-01,-1.70565113e-01,1.24548418e-01,-6.66061785e-02,-1.17080483e-04,-4.71205548e-02,2.26145069e-02,-9.49812119e-02,-8.09874451e-02,-1.24088402e-01,-3.78792396e-03,-7.00015695e-03,-1.22021988e-02,-9.96189493e-02,8.18814707e-02,-1.13476898e-01,-7.40202770e-02,-4.45432161e-02,2.53627395e-01,-2.86157045e-02,6.58452374e-02,-9.33096930e-02,-1.36680356e-02,-1.85549875e-02,1.13596033e-01,9.03511254e-02,6.41618213e-02,-6.68219331e-02,-1.01738508e-02,-1.55210652e-02,1.20793357e-01,-1.19949969e-01,1.94103299e-01,9.58810107e-03,-2.05025476e-02,3.87203219e-03,-3.35310246e-01,1.18945473e-01,7.03436549e-02,1.40068682e-01,-2.01056496e-02,1.44667255e-01,-8.55465634e-02,1.83326078e-02,-1.59559399e-01,-3.11255387e-02,1.77734896e-01,-2.24550109e-02,-1.87421455e-01,-1.16637822e-01,1.69815159e-02,-2.03377108e-01,-6.76911842e-02,-3.37507815e-02,-9.75144459e-02,-4.10943115e-02,-5.62712818e-02,4.28361952e-02,-1.93127043e-01
-1.37852490e-02,-3.82996955e-02,4.05151335e-02,-8.82674208e-03,-5.40470214e-02,4.03791202e-02,-1.01952387e-01,-9.29049238e-03,4.82177298e-02,4.18586070e-02,3.59067704e-02,1.54724249e-02,-2.10016726e-02,4.99555010e-02,-3.79926017e-02,2.80990790e-02,-6.85706929e-02,-8.48785991e-02,-6.58602681e-02,-5.93169671e-02,-1.35619710e-02,8.02421263e-03,-4.87729042e-03,-7.17226930e-02,-7.26133274e-02,-1.10715634e-01,-6.33579672e-02,-2.67928674e-02,-3.70043278e-02,-9.03720307e-02,-7.47033861e-02,2.31686415e-02,4.41564126e-02,3.04589568e-02,2.68155082e-02,3.57915996e-02,9.56731554e-02,1.02462639e-02,4.66268400e-03,5.63534956e-02,1.08086981e-01,4.16172972e-02,1.46101370e-02,1.05045463e-01,3.72145296e-02,1.52030820e-02,4.64225288e-02,2.80987748e-02,-1.26768302e-02,1.41175116e-01,2.08008526e-02,-1.79447645e-02,-1.18861296e-02,-1.70347848e-01,9.39018031e-02,-1.42507961e-02,-1.08197840e-01,1.14750553e-01,3.19587264e-03,4.07629833e-02,-1.01427241e-02,-1.00602554e-01,-8.67998370e-02,-6.55294710e-02,-4.22150724e-02,2.14789151e-02,4.18975291e-02,2.51969095e-02,1.90738081e-04,-5.86300342e-02,4.27293219e-02,2.76717548e-02,3.95827517e-02,-2.29609303e-02,-1.15051374e-03,1.12341281e-02,-2.95166127e-02,3.26610736e-02,3.26803256e-03,3.10591001e-02,-1.53051238e-02,2.12331943e-02,1.56169148e-03,3.66968405e-02,-2.20593448e-03,-3.11523175e-02,-4.01026796e-02,4.62164631e-02,1.77473573e-02,8.94662260e-02,-1.57293403e-02,9.03207153e-02,8.15788900e-03,3.24557986e-02,-4.16621579e-02,-3.14311318e-03,-2.35646802e-02,2.80359177e-02,-1.62568138e-01,-9.39444037e-02,2.96553438e-02,1.97360805e-02,-4.90522766e-02,-1.79901648e-01,-8.65394201e-02,-5.88153405e-03,2.25278653e-02,-1.41557050e-01,1.18252811e-01,-1.11963833e-01,3.63826351e-02,-2.57627319e-02,1.10784882e-01,1.46546183e-02,-1.96336402e-02,-1.45219270e-01,5.44268557e-02,1.80034965e-04,1.16485396e-02,2.51191921e-02,1.22857609e-01,5.15482427e-02,8.17608029e-02,6.75141088e-02,-6.28963375e-03,-1.07213775e-01,6.09008648e-02,-5.08156076e-02,6.85934815e-02,-6.19444580e-02,-8.51388873e-02,1.85133901e-01,4.65759280e-02,8.45519647e-02,-7.13858315e-02,-2.32807379e-01,1.38374908e-01,2.78909186e-01,4.91374973e-02,5.98140378e-02,-6.37393827e-02,1.21381612e-01,-8.53859757e-02,-1.28223252e-01,-3.83337280e-01,1.30471421e-01,-2.63758189e-01
-9.30966405e-03,-2.64168424e-02,-7.46162081e-03,6.38733089e-03,2.57464447e-02,4.61254231e-02,-6.19758220e-02,-3.40858175e-02,-9.19782866e-03,-1.38109780e-02,6.40574075e-02,-3.53399315e-02,3.47977626e-02,3.88741559e-03,-2.42947154e-02,8.25393708e-02,3.12545379e-02,-1.39532294e-04,3.70088970e-02,-1.74627918e-05,8.92101035e-02,3.67938766e-03,-9.97078993e-03,-2.50723651e-02,-5.43958206e-02,4.12565682e-03,-1.01556728e-01,-1.63804741e-02,-4.97892605e-02,4.11781373e-02,3.69054328e-02,-1.63279940e-02,-3.37511656e-03,-1.67663356e-01,6.72148239e-02,-8.45925442e-02,-1.66008291e-01,4.74863323e-02,1.47838987e-01,5.51660640e-02,1.39374754e-01,-3.60446163e-02,1.08550024e-01,-1.50284958e-01,-6.63445752e-02,-6.93751551e-03,-7.42754779e-02,5.85094878e-03,1.66850345e-02,-9.94588993e-02,8.82293272e-03,7.04216654e-04,-5.07071108e-02,1.62634530e-01,-9.41241845e-02,6.63720270e-02,8.32221534e-02,-1.08445007e-02,9.64767104e-03,9.58355713e-03,8.39478170e-02,3.49677072e-02,-3.14589966e-02,2.01148579e-02,-4.00248807e-03,1.30102653e-01,6.44678863e-02,-3.10511629e-02,5.44906452e-03,9.73236868e-02,7.79818680e-02,2.19767196e-02,3.21987280e-02,-1.27097983e-02,-3.51432058e-02,-9.45589550e-03,4.07107235e-02,-1.75950013e-02,-5.41200530e-02,3.09878965e-02,1.29256289e-03,9.10704749e-04,-6.43208017e-02,-6.81051238e-02,-2.05045111e-01,2.14958043e-02,-1.06077717e-01,-4.85840426e-02,-9.19294549e-02,-1.35625483e-01,-5.36692990e-02,-7.87380757e-02,-5.93513838e-03,-9.23784025e-02,-4.30874909e-02,6.90223020e-02,-4.91415943e-02,9.14338093e-02,5.37443209e-02,-9.99020415e-02,-3.48619798e-03,1.66990669e-02,3.86997417e-03,-3.60273274e-02,2.32044276e-01,9.08182312e-02,2.49987800e-02,8.42274211e-02,8.37014882e-02,2.47119644e-02,2.36314080e-02,-1.22359268e-02,-1.01549326e-01,-1.45452341e-01,-3.59468994e-02,7.62598382e-02,8.91335544e-02,-5.96678699e-02,-1.52437519e-01,1.60473575e-01,1.67561460e-01,-8.42686729e-02,-8.51499389e-02,1.87897504e-02,-2.21114354e-01,6.37183937e-02,-1.41815727e-02,-4.19227750e-02,2.23230956e-02,-2.85060439e-02,-1.02858298e-01,-3.84653748e-02,1.94006987e-01,-2.12276449e-01,1.88576927e-01,4.20138480e-03,-2.50664415e-02,2.36751648e-01,2.17693049e-03,-4.51670727e-02,-1.92653956e-02,1.63674240e-02,2.82120081e-03,4.98063524e-02,-1.56760980e-01,-1.33341266e-01,-1.38237336e-01
-4.79767740e-03,6.59504250e-03,1.84237265e-02,3.01164411e-02,1.01942669e-02,4.76919075e-02,1.70646226e-02,1.05923377e-02,6.19171489e-02,-2.84976003e-02,3.31770122e-02,2.61332335e-02,1.84790743e-02,3.97327572e-02,2.18451091e-01,-1.86256220e-03,1.76693479e-02,3.80298397e-02,5.93311453e-02,2.34061856e-02,5.47290856e-02,7.73006151e-02,-7.18369485e-03,-2.80263358e-02,-8.02728645e-02,-3.04141278e-04,-6.95590064e-02,-8.43460951e-03,1.44576615e-02,-2.58751404e-02,2.36000540e-02,4.45904044e-02,1.58998217e-01,6.43735620e-02,-6.54982374e-03,-1.23147163e-01,2.27221103e-02,5.04620847e-02,2.63908586e-02,9.01333024e-02,1.08506571e-01,-5.22665700e-02,1.67750848e-03,1.10759823e-01,3.73940853e-02,4.01675389e-02,1.05593008e-01,-5.68746189e-02,2.46764405e-02,-4.31336337e-03,3.41917134e-02,1.07479818e-01,-1.86060968e-02,7.46317177e-02,2.88256505e-01,-3.03241902e-02,-1.56306401e-01,1.17033210e-01,3.18501457e-02,-1.83666719e-03,8.14169740e-02,8.08565736e-02,-5.15768433e-02,7.39609858e-02,9.95381472e-02,7.49714431e-02,6.36254931e-02,2.53187120e-02,1.60240549e-01,-3.46320609e-02,3.95056621e-02,1.11157122e-01,2.40635741e-02,2.96914265e-02,5.74567242e-03,7.71451031e-02,6.98445729e-02,-9.79994175e-03,-1.14026587e-02,-5.35790849e-02,2.35157944e-02,-2.84969628e-02,8.76080610e-02,-7.82012734e-02,2.95149750e-02,1.67128007e-02,4.75821084e-02,5.60856835e-03,-9.83206036e-02,8.71558357e-02,-3.17131145e-02,-5.73029154e-02,-5.32186594e-02,2.61133894e-02,8.95774712e-02,-2.50946514e-01,-1.77132869e-01,3.95328462e-02,1.54560019e-02,8.78069343e-02,3.61994266e-02,3.35756304e-02,-1.04028835e-01,3.90802992e-03,1.59549509e-02,2.40473381e-02,1.80708919e-01,4.12290197e-02,8.32670278e-02,-1.13160269e-01,4.34012601e-02,-1.64717790e-01,-2.05827528e-01,-2.76004000e-02,-1.10339652e-02,1.25487760e-01,-2.19483738e-02,-4.70210292e-02,-1.00195380e-01,7.34934645e-02,-2.88299176e-03,-2.24523362e-02,-2.92513446e-02,-1.75481491e-02,3.66496597e-02,-5.77573486e-02,5.61867465e-02,-8.44991186e-02,1.09346003e-01,-2.82511485e-01,-7.26425643e-02,4.64507829e-02,-2.04740160e-01,1.53890394e-01,1.22060478e-01,1.45969487e-01,-1.13221177e-02,-6.63331237e-02,6.33582028e-03,2.80966103e-02,-1.30569230e-02,2.27421426e-02,-3.40778728e-02,4.51698355e-02,4.79334771e-02,-2.11899062e-02,9.49966650e-02
4.27764587e-02,3.48090301e-02,1.67423740e-03,2.53218996e-02,-3.59004164e-03,2.67959609e-02,3.22258319e-02,-2.41709442e-02,-2.63921042e-02,-8.37819526e-02,-1.65359183e-02,-5.02492945e-02,5.34526854e-02,-3.55987910e-02,-1.13918329e-02,2.91486819e-02,-3.05195245e-02,-1.24932707e-02,4.31223194e-02,-3.83640259e-02,7.53840031e-03,7.03525132e-03,-4.95985356e-02,-5.63160409e-02,1.32869567e-02,7.27758143e-02,1.38559150e-03,-1.55261797e-02,-7.35085386e-02,9.26442495e-02,3.78647452e-02,-3.57992121e-02,-2.06105321e-01,2.14116830e-02,-7.74985487e-02,-4.64581396e-02,-1.24630670e-02,-8.97867864e-03,7.20117221e-02,-1.09867643e-01,7.29759709e-02,-1.25388134e-03,-1.68007197e-01,-6.38918083e-02,-1.02067823e-01,-8.86038055e-04,-7.86768373e-02,6.71041030e-02,2.42512480e-02,-1.53385319e-02,-1.39302361e-01,1.75760414e-02,6.89414665e-02,-1.67807707e-02,-5.82013218e-02,3.27540264e-02,-7.60888220e-02,7.22890037e-02,-2.77253721e-02,-7.93024385e-02,-1.38340115e-02,-3.80522723e-02,-3.80862524e-02,-2.16814838e-02,-4.66543874e-02,1.91070170e-01,-1.05757822e-02,-7.68729053e-02,-5.71512153e-02,-9.25649346e-02,-1.47395112e-02,9.17945148e-03,-2.64895488e-02,4.46702913e-02,3.62114639e-02,-4.15424986e-02,6.22554715e-02,5.43054686e-02,-4.75676907e-02,3.67172672e-02,2.24613256e-02,-1.91761856e-01,3.02476053e-02,-7.42529501e-02,6.92992655e-03,4.76657038e-02,9.73590731e-02,3.06628187e-02,-6.08929448e-02,8.07583491e-02,1.08680962e-02,-2.30590674e-02,-6.37740861e-02,-6.72302118e-02,-2.22120800e-01,3.70300393e-02,1.51208096e-02,5.51266564e-02,-1.62852692e-02,8.67833469e-03,-6.85966799e-02,2.70141337e-02,-1.28328572e-02,2.54122866e-01,-1.76650506e-01,-1.52009981e-01,5.73807391e-02,1.33725147e-01,-4.02696084e-02,-2.27343721e-01,2.59975239e-02,6.98726048e-02,-5.90123730e-02,1.42198131e-01,2.45458696e-03,-6.82566906e-02,1.24872974e-01,-6.45816449e-02,-1.14226535e-01,1.33071833e-01,1.27739956e-01,-6.06112985e-02,-8.36625190e-02,1.72741626e-01,8.75171691e-02,8.00491021e-02,-7.17198720e-02,4.42964866e-02,2.16834787e-02,3.52631192e-02,1.38739678e-02,-2.06188361e-03,-2.89051050e-01,-1.87438116e-02,4.67240255e-03,-2.08647073e-01,1.24402089e-01,1.05481051e-01,-3.68438875e-02,1.12561195e-01,-1.04247964e-01,-6.04756429e-02,-4.12828458e-03,-5.49645270e-02,1.09032544e-01,-5.13727924e-02,3.46987869e-03
-6.29176143e-02,-1.84091920e-02,-6.03683304e-02,-4.80789386e-03,3.21354350e-03,-1.47272989e-02,-4.24282058e-02,4.74947888e-02,4.81838993e-03,1.46844424e-02,1.39439323e-02,-5.85933208e-02,-2.63963949e-02,4.05082996e-02,-8.95654579e-02,8.57848252e-02,4.52339709e-02,-1.04461945e-02,4.40692610e-02,3.83683854e-02,2.52074498e-02,-8.71658001e-02,5.49252586e-02,3.15614679e-02,5.67679695e-03,3.44380530e-03,-9.38283550e-02,4.84977910e-02,6.28860367e-02,-6.03747113e-03,-4.47436282e-03,5.27682353e-02,-7.67284862e-03,3.70962023e-02,-2.82608228e-02,3.91334621e-02,3.20851589e-02,2.43607635e-02,1.18835596e-02,-9.59402263e-02,-5.82414650e-02,-1.25395304e-01,-6.57507369e-02,-1.50702649e-02,-2.96363006e-02,-4.43972565e-02,-2.03319738e-02,8.83789489e-02,6.84753335e-02,-3.42474194e-02,1.28671119e-02,1.41568783e-02,-9.77403979e-02,1.27987200e-01,-1.01528479e-01,4.37072152e-02,2.53478081e-01,7.22586831e-03,-2.03577817e-02,8.08488049e-02,9.02912664e-02,2.03607045e-02,5.31453197e-02,5.75295173e-02,1.06645671e-01,6.28093723e-03,-3.61488260e-03,-1.04293088e-02,-2.37227675e-02,3.30542922e-02,3.64219796e-03,8.63765554e-02,-6.58932187e-03,-7.80088990e-02,8.16372065e-03,-9.03926136e-03,-7.11681693e-02,-1.49856581e-01,4.04529816e-02,6.12678186e-02,2.94637052e-03,4.58515690e-03,3.13907366e-02,7.84251141e-02,-5.14272071e-02,3.10860914e-02,-4.25140851e-02,2.20590763e-02,-1.26822904e-01,6.60725362e-02,-1.67503546e-01,5.15574922e-02,1.16879221e-01,6.92210444e-02,4.93681576e-02,2.68435615e-02,-4.44394073e-02,3.60426958e-02,1.41504881e-02,-1.23071905e-01,6.70431076e-02,2.64972158e-02,5.46349934e-02,-2.71502530e-01,-3.35447707e-02,-1.43280822e-01,7.31849525e-02,8.60612212e-02,-7.95700251e-03,-1.19509385e-01,-6.03863086e-03,7.69788372e-02,-5.64937565e-02,-3.31022550e-05,-7.77682619e-04,-2.85840110e-02,4.26462810e-02,-1.85877735e-01,-2.36228823e-03,1.19275981e-01,3.86699797e-02,-1.31525586e-01,-7.42329101e-02,1.52965569e-01,1.64280341e-01,-2.21128586e-01,-5.40716441e-02,-1.13669045e-01,1.55374119e-02,3.93277977e-02,4.66904069e-02,1.50838673e-01,-2.73873670e-02,1.45923852e-02,4.72523773e-02,-1.27081730e-01,-1.06102896e-01,-3.20475649e-01,1.96257725e-02,-1.40378298e-01,-4.19986686e-02,-2.56946110e-02,-1.48192976e-01,-6.43922318e-02,1.08666248e-02,2.14857752e-01,2.50551509e-02
3.79120597e-02,4.69226531e-02,-9.72433045e-03,-9.52740235e-03,4.84508978e-02,5.79242498e-02,4.36979320e-02,1.32959155e-02,-5.37783741e-02,-1.31905935e-02,-3.70631271e-02,1.18934704e-02,-9.08642005e-03,-7.51320372e-03,-2.74293807e-03,1.15529963e-02,2.17864211e-02,4.58228774e-02,4.69244401e-02,-6.34672633e-02,4.22733620e-02,7.23181213e-02,4.99367792e-02,4.59735025e-02,-4.12814622e-02,-8.32220941e-03,2.87101850e-02,7.00367244e-02,-7.79915595e-02,8.52218903e-02,7.48113299e-03,-3.26652172e-02,-5.14695437e-02,-4.50252569e-02,-8.45163021e-02,2.01836036e-02,7.56520975e-03,2.46419660e-02,4.70037648e-02,2.82239407e-02,-6.81797097e-02,1.27910944e-01,6.97127484e-02,5.32819668e-02,-6.00287733e-03,1.76361576e-02,-4.22982949e-02,3.22646387e-02,2.28618413e-02,-8.37628407e-02,-1.20357120e-03,-7.22422907e-02,6.48096166e-03,1.55133899e-01,-4.33987792e-02,5.93730714e-02,-1.49172570e-01,2.11175808e-01,6.20628518e-02,-3.67857280e-02,-3.31357143e-02,4.81400117e-02,-1.97953108e-02,-1.93535833e-02,4.30108212e-03,1.14009976e-01,9.41179509e-02,9.14402858e-03,-8.62784254e-02,-2.44623102e-02,5.06425041e-02,1.62281007e-01,-5.23548455e-02,1.43787117e-02,1.03114692e-03,7.73524422e-02,5.96183093e-02,1.36992196e-02,-6.20762684e-03,5.67735542e-02,5.31516605e-02,1.26409272e-01,4.59040743e-02,2.83732059e-02,-1.13876503e-01,3.05279377e-03,6.05408849e-02,-1.08700388e-01,7.55956105e-02,-1.50168946e-01,-6.87482637e-02,1.00584330e-02,8.59989890e-02,-2.82632753e-02,-8.64959837e-02,3.05437367e-01,2.27726650e-02,-3.90608337e-02,7.28818131e-02,8.83705482e-02,-6.12082926e-02,-1.95260542e-02,2.15631141e-02,1.26650897e-02,1.71302338e-02,1.41851762e-01,4.21837641e-02,6.27752664e-02,1.26442579e-02,-1.35834794e-01,7.50803245e-02,6.00420380e-03,8.03765197e-02,-6.48967106e-02,-4.15716429e-02,-1.88780922e-02,1.41240912e-01,1.59648960e-01,-1.69665699e-01,-8.03739804e-02,-2.98727534e-01,7.07396465e-02,1.28960070e-01,-1.49772765e-01,2.24065405e-01,2.80063148e-02,-8.06689727e-03,-2.89597297e-02,-6.39636964e-03,3.31497458e-02,-1.53210810e-01,-4.12909577e-02,-2.36307551e-03,2.09821633e-01,1.00284890e-01,-4.84587509e-03,-5.37166756e-02,-1.39447469e-01,-2.59321123e-02,-5.30928543e-02,-4.53030773e-02,7.53168456e-02,-3.73308980e-02,-1.05650761e-01,-1.03215246e-01,1.30426074e-01,-6.77191866e-02
